Term,Values
世,よ
二,に
位,い
値,ね
刃,は
区,く
名,な
喪,も
地,ち
妃,ひ
子,こ
尾,お
屋,や
巣,す
市,し
帆,ほ
忌,き
戸,と
手,て
把,わ
斗,と
日,ひ
智,ち
木,き
根,ね
機,き
歯,は
死,し
毛,け
氏,し
気,き
湯,ゆ
瀬,せ
火,ひ
田,た
目,め
眼,め
矢,や
穂,ほ
絵,え
胃,い
背,せ
舗,ほ
芽,め
葉,は
藻,も
蚊,か
血,ち
詩,し
身,み
輪,わ
酢,す
魔,ま
一,いち
七,なな
万,まん
丈,たけ
三,さん
上,うえ
下,した
丘,おか
並,なみ
中,なか
串,くし
丸,まる
主,ぬし
之,これ
乙,おつ
亀,かめ
事,こと
五,ご
亭,てい
人,"にん,ひと"
今,いま
他,ほか
仲,なか
会,かい
伝,つて
伯,はく
何,なに
俺,おれ
倉,くら
偽,にせ
傘,かさ
億,おく
元,もと
兄,あに
先,さき
八,はち
六,ろく
兵,へい
内,うち
円,えん
冊,さつ
冠,かん
冬,ふゆ
分,ふん
列,れつ
券,けん
前,まえ
剣,けん
勘,かん
北,きた
匹,ひき
千,せん
升,ます
半,はん
卓,たく
即,そく
又,また
双,そう
口,くち
各,かく
吉,きち
君,"くん,きみ"
否,いな
品,ひん
唄,うた
嘘,うそ
四,よん
回,かい
図,ず
国,くに
園,えん
土,つち
坂,さか
型,かた
垣,かき
城,しろ
堀,ほり
堰,せき
塀,へい
塁,るい
塔,とう
塚,つか
塩,しお
墓,はか
墨,すみ
声,こえ
変,へん
夏,なつ
外,そと
夜,よる
夢,ゆめ
天,てん
奥,おく
奴,やつ
妻,つま
姉,あね
姫,ひめ
婿,むこ
嫁,よめ
嫌,いや
字,じ
宅,たく
室,しつ
宮,みや
家,いえ
富,とみ
寸,すん
寺,てら
封,ふう
尚,なお
尼,あま
層,そう
山,やま
岩,いわ
岳,たけ
峰,みね
島,しま
崎,さき
川,かわ
布,ぬの
席,せき
幕,まく
年,とし
幹,みき
床,ゆか
底,そこ
店,みせ
度,ど
庫,くら
庭,にわ
式,しき
弓,ゆみ
弦,つる
弾,たま
形,"かたち,けい"
役,やく
彼,かれ
得,とく
性,せい
恋,こい
息,いき
愚,ぐ
愛,あい
我,われ
房,ふさ
才,さい
拍,はく
損,そん
故,ゆえ
敵,てき
斤,きん
方,かた
旗,はた
旨,むね
星,ほし
春,はる
昼,ひる
時,"じ,とき"
暇,ひま
月,つき
服,ふく
朝,あさ
末,すえ
本,ほん
札,"さつ,ふだ"
朱,あけ
村,むら
松,まつ
板,いた
枚,まい
枠,わく
栓,せん
核,かく
桃,もも
桑,くわ
梅,うめ
梨,なし
棚,たな
森,もり
楓,ふう
楽,らく
様,さま
横,よこ
橋,はし
欄,らん
歌,うた
歳,さい
殻,から
母,はは
汁,しる
汗,あせ
池,いけ
決,けつ
沢,さわ
河,かわ
沼,ぬま
泡,あわ
波,なみ
洞,ほら
浜,はま
浦,うら
海,うみ
湾,わん
滝,たき
潟,かた
潮,しお
灰,はい
炭,すみ
点,てん
熊,くま
熱,ねつ
爪,つめ
父,ちち
片,かた
牛,うし
物,もの
犬,いぬ
猛,もう
猫,ねこ
猿,さる
玉,たま
王,おう
珍,ちん
班,はん
球,たま
琴,こと
瓜,うり
生,なま
用,よう
甲,こう
町,まち
癖,くせ
白,しろ
的,てき
皮,かわ
皿,さら
盾,たて
眉,まゆ
県,けん
矛,ほこ
石,いし
砂,すな
碁,ご
神,かみ
秋,あき
稲,いね
穴,あな
空,そら
端,はし
竹,たけ
笛,ふえ
笠,かさ
筒,つつ
策,さく
箱,はこ
箸,はし
範,はん
米,こめ
粉,こな
粋,いき
糸,いと
系,けい
約,やく
紋,もん
紙,かみ
紺,こん
組,くみ
絹,きぬ
綱,つな
網,あみ
綿,わた
線,せん
縁,ふち
縄,なわ
縦,たて
缶,かん
罪,つみ
羽,はね
耳,みみ
肉,にく
肝,きも
肩,かた
肺,はい
胆,たん
胸,むね
脇,わき
脚,あし
脳,のう
腰,こし
腹,はら
膜,まく
舌,した
舞,まい
舟,ふね
船,ふね
色,いろ
芋,いも
芯,しん
花,はな
苗,なえ
茎,くき
草,くさ
蓮,はす
蔵,くら
藍,あい
藩,はん
虎,とら
虫,むし
蜂,はち
蜜,みつ
蟹,かに
裏,うら
襟,えり
西,にし
親,おや
角,かく
訳,わけ
諸,しょ
谷,たに
豆,まめ
貝,かい
貫,かん
質,しつ
赤,あか
足,あし
跡,あと
軒,"のき,けん"
辺,へん
運,うん
道,"みち,どう"
達,たち
部,ぶ
酷,こく
里,さと
金,きん
鉢,はち
鎌,かま
鐘,かね
門,もん
間,"かん,あいだ"
闇,やみ
隅,すみ
隊,たい
階,かい
隙,すき
際,きわ
隻,せき
雌,めす
雨,あめ
雪,ゆき
雲,くも
零,れい
霜,しも
霧,きり
露,つゆ
面,めん
革,かわ
靴,くつ
音,おと
頃,ころ
顔,かお
飯,めし
飴,あめ
馬,うま
駅,えき
駒,こま
骨,ほね
髪,かみ
鬼,おに
魂,"こん,たましい"
鯉,こい
鰐,わに
鳥,とり
鳩,はと
鶴,つる
鹿,しか
麻,あさ
鼻,はな
九,きゅう
仁,じん
仏,ほとけ
価,あたい
俗,ぞく
俵,たわら
倍,ばい
側,がわ
傍,そば
傷,きず
僕,ぼく
光,ひかり
刀,かたな
別,べつ
剤,ざい
劇,げき
力,ちから
匠,たくみ
南,みなみ
印,しるし
卸,おろし
台,だい
右,みぎ
号,ごう
味,あじ
命,いのち
唯,ただ
喉,のど
噂,うわさ
器,うつわ
坪,つぼ
堤,つつみ
境,さかい
壁,かべ
壇,だん
夫,おっと
女,おんな
妙,みょう
娘,むすめ
孫,まご
宙,ちゅう
宝,たから
実,じつ
宿,やど
寮,りょう
尺,しゃく
尿,にょう
局,きょく
岬,みさき
崖,がけ
嵐,あらし
州,しゅう
己,おのれ
帯,おび
幅,はば
弁,べん
影,かげ
心,こころ
急,きゅう
恥,はじ
所,ところ
技,わざ
指,ゆび
操,みさお
数,かず
文,ぶん
旅,たび
旬,しゅん
昔,むかし
晩,ばん
暦,こよみ
曲,きょく
机,つくえ
杉,すぎ
束,たば
枕,まくら
林,はやし
枝,えだ
柄,がら
某,ぼう
柱,はしら
柴,しば
栞,しおり
株,かぶ
桜,さくら
棒,ぼう
次,つぎ
殿,どの
毒,どく
水,みず
氷,こおり
没,ぼつ
泥,どろ
渦,うず
港,みなと
溝,みぞ
漆,うるし
炎,ほのお
烏,からす
煙,けむり
牙,きば
狐,きつね
猟,りょう
獣,けもの
瓶,びん
男,おとこ
畑,はたけ
畳,"じょう,たたみ"
症,しょう
百,ひゃく
盤,ばん
瞳,ひとみ
票,ひょう
祭,まつり
私,わたし
程,ほど
窓,まど
竜,りゅう
筆,ふで
筋,すじ
管,くだ
粒,つぶ
罰,ばつ
肌,はだ
胴,どう
腕,うで
腸,ちょう
膝,ひざ
芝,しば
葵,あおい
薬,くすり
藤,ふじ
虜,とりこ
虹,にじ
蛇,へび
蛍,ほたる
蝶,ちょう
衣,ころも
表,おもて
袋,ふくろ
袖,そで
証,あかし
話,はなし
誠,まこと
誰,だれ
謎,なぞ
豚,ぶた
象,ぞう
超,ちょう
車,くるま
軍,ぐん
軸,じく
郡,ぐん
量,りょう
鈴,すず
鉛,なまり
銀,ぎん
銭,ぜに
錦,にしき
鍋,なべ
鍵,かぎ
鎖,くさり
陣,じん
陰,かげ
隣,となり
頭,あたま
額,がく
風,かぜ
首,くび
魚,さかな
麦,むぎ
体,からだ
侍,さむらい
十,じゅう
卵,たまご
塊,かたまり
塾,じゅく
妹,いもうと
姿,すがた
宴,うたげ
峠,とうげ
左,ひだり
帝,みかど
弟,おとうと
扇,おうぎ
扉,とびら
拳,こぶし
掌,てのひら
暁,あかつき
杏,あんず
東,ひがし
柳,やなぎ
油,あぶら
泉,いずみ
涙,なみだ
源,みなもと
病,びょう
秒,びょう
紅,くれない
紫,むらさき
緑,みどり
羊,ひつじ
翼,つばさ
茨,いばら
裸,はだか
趣,おもむき
逆,ぎゃく
邪,よこしま
銃,じゅう
鋼,はがね
錠,じょう
鏡,かがみ
雷,かみなり
鯨,くじら
鶏,にわとり
鼓,つづみ
唇,くちびる
幻,まぼろし
曙,あけぼの
湖,みずうみ
礎,いしずえ
隼,はやぶさ
頂,いただき
丼,どんぶり
志,こころざし
下手,へた
乗る,のる
今朝,けさ
付き,つき
付く,つく
以下,いか
仮名,かな
伊勢,いせ
会う,あう
似る,にる
位置,いち
住む,すむ
価値,かち
凝る,こる
切る,きる
刈る,かる
利く,きく
刷る,する
刺す,さす
割る,わる
効く,きく
勝ち,かち
勝つ,かつ
医師,いし
危機,きき
取る,とる
召す,めす
合う,あう
吐く,はく
向く,むく
向け,むけ
吸う,すう
吹く,ふく
味噌,みそ
咲く,さく
四季,しき
土地,とち
地下,ちか
地価,ちか
地区,ちく
地理,ちり
執る,とる
基礎,きそ
塗る,ぬる
塗布,とふ
増す,ます
売る,うる
奈良,なら
好き,すき
嬉々,きき
寄る,よる
寄与,きよ
寄付,きふ
富む,とむ
寝る,ねる
寡婦,かふ
寿司,すし
就く,つく
居る,いる
居間,いま
屋根,やね
履く,はく
差す,さす
巻く,まく
干す,ほす
建つ,たつ
引く,ひく
張る,はる
弾く,ひく
待つ,まつ
得る,える
意味,いみ
意志,いし
成る,なる
打つ,うつ
折る,おる
抜く,ぬく
押し,おし
押す,おす
拠る,よる
持つ,もつ
指す,さす
指揮,しき
振る,ふる
掃く,はく
掘る,ほる
採る,とる
措置,そち
描く,かく
揺る,ゆる
摘む,つむ
撃つ,うつ
撮る,とる
擦る,する
故意,こい
散る,ちる
敷く,しく
斬る,きる
断つ,たつ
晴れ,はれ
書く,かく
有る,ある
来る,くる
染み,しみ
棋士,きし
棋譜,きふ
椅子,いす
歌詞,かし
死ぬ,しぬ
沸く,わく
治癒,ちゆ
沿う,そう
泣く,なく
浮く,うく
消す,けす
混む,こむ
済む,すむ
減る,へる
湧く,わく
澄む,すむ
濃い,こい
瀬戸,せと
炊く,たく
烏賊,いか
無し,なし
無理,むり
無知,むち
焼く,やく
煮る,にる
狩り,かり
生む,うむ
産む,うむ
甲斐,かい
留守,るす
病む,やむ
皮膚,ひふ
盛る,もる
真似,まね
着く,つく
着る,きる
知る,しる
知恵,ちえ
示唆,しさ
祖父,そふ
積む,つむ
突く,つく
立つ,たつ
粗野,そや
経つ,たつ
絶つ,たつ
編む,あむ
縫う,ぬう
織る,おる
繰る,くる
置く,おく
群れ,むれ
聞く,きく
聴く,きく
舞う,まう
良い,よい
萌え,もえ
落ち,おち
蚊帳,かや
行き,ゆき
行く,いく
裂く,さく
補佐,ほさ
要る,いる
覇気,はき
見る,みる
観る,みる
解く,とく
言う,いう
診る,みる
詠む,よむ
読む,よむ
買う,かう
貸し,かし
貸す,かす
貼る,はる
賭け,かけ
超す,こす
越す,こす
足す,たす
踏む,ふむ
載る,のる
込む,こむ
追う,おう
過去,かこ
過疎,かそ
遭う,あう
部屋,へや
都市,とし
酌む,くむ
酔う,よう
釣り,つり
釣る,つる
開く,あく
阻止,そし
降る,ふる
飢え,うえ
飲む,のむ
飼う,かう
飽き,あき
騎士,きし
鳴く,なく
鳴る,なる
お前,おまえ
お尻,おしり
お礼,おれい
お腹,おなか
お茶,おちゃ
お酒,おさけ
お金,おかね
一つ,ひとつ
一人,ひとり
一位,いちい
一個,いっこ
一気,いっき
七つ,ななつ
七日,なのか
三つ,みっつ
三個,さんこ
三日,みっか
下痢,げり
下駄,げた
不信,ふしん
不倫,ふりん
不吉,ふきつ
不孝,ふこう
不安,ふあん
不幸,ふこう
不快,ふかい
不振,ふしん
不明,ふめい
不正,ふせい
不治,ふじ
不法,ふほう
不潔,ふけつ
不穏,ふおん
不等,ふとう
不貞,ふてい
不足,ふそく
不適,ふてき
世界,せかい
世紀,せいき
世辞,せじ
丸い,まるい
主に,おもに
主婦,しゅふ
乾く,かわく
乾季,かんき
予告,よこく
予報,よほう
予定,よてい
予想,よそう
予測,よそく
予約,よやく
事故,じこ
二つ,ふたつ
二万,にまん
二世,にせい
二人,ふたり
二巻,にかん
二斤,にきん
二日,ふつか
二杯,にはい
二泊,にはく
二階,にかい
五つ,いつつ
五日,いつか
井戸,いど
人気,にんき
今夜,こんや
今年,ことし
今日,きょう
仕方,しかた
他人,たにん
他所,たしょ
付近,ふきん
以後,いご
以降,いこう
仮に,かりに
仮定,かてい
仮説,かせつ
仮面,かめん
仲間,なかま
任務,にんむ
任意,にんい
企画,きかく
伊達,だて
休み,やすみ
休む,やすむ
会話,かいわ
伯母,おば
伯父,おじ
低い,ひくい
何故,なぜ
余る,あまる
余裕,よゆう
余計,よけい
余震,よしん
作る,つくる
作家,さっか
作用,さよう
佳作,かさく
使う,つかう
使用,しよう
依頼,いらい
価格,かかく
侵す,おかす
保つ,たもつ
保持,ほじ
保険,ほけん
信徒,しんと
俳句,はいく
俺ら,おれら
倉庫,そうこ
個室,こしつ
倒す,たおす
倫理,りんり
偉い,えらい
停止,ていし
偶に,たまに
傷む,いたむ
兄貴,あにき
光る,ひかる
光輝,こうき
入る,はいる
八つ,やっつ
八日,ようか
六つ,むっつ
六日,むいか
兵器,へいき
兵士,へいし
円い,まるい
円弧,えんこ
写す,うつす
写る,うつる
凍る,こおる
凍死,とうし
処理,しょり
処置,しょち
凹む,へこむ
出す,だす
出る,でる
刃先,はさき
刃物,はもの
切手,きって
刑期,けいき
初歩,しょほ
判子,はんこ
利息,りそく
利益,りえき
制覇,せいは
刺身,さしみ
副詞,ふくし
力士,りきし
劣る,おとる
劣化,れっか
効果,こうか
勇む,いさむ
勇気,ゆうき
勝手,かって
募る,つのる
勤め,つとめ
匂い,におい
匂う,におう
包み,つつみ
包む,つつむ
包囲,ほうい
化繊,かせん
北緯,ほくい
区域,くいき
医者,いしゃ
十日,とおか
千葉,ちば
升目,ますめ
半裸,はんら
卑劣,ひれつ
卑屈,ひくつ
南緯,なんい
単に,たんに
危篤,きとく
危険,きけん
即死,そくし
卸す,おろす
厚い,あつい
参る,まいる
参加,さんか
叔母,おば
叔父,おじ
古い,ふるい
古墳,こふん
古来,こらい
叩く,たたく
可也,かなり
可能,かのう
台詞,せりふ
叱る,しかる
右翼,うよく
各地,かくち
名刺,めいし
名前,なまえ
名詞,めいし
名誉,めいよ
否定,ひてい
否決,ひけつ
含む,ふくむ
呆け,ぼけ
呆気,あっけ
告訴,こくそ
周り,まわり
呪い,のろい
呪う,のろう
味方,みかた
和室,わしつ
和服,わふく
和訳,わやく
和風,わふう
哀れ,あわれ
品詞,ひんし
哺育,ほいく
唄う,うたう
唯一,ゆいつ
喚く,わめく
喚起,かんき
喪服,もふく
器用,きよう
噴火,ふんか
四つ,よっつ
四国,しこく
四日,よっか
四角,しかく
四隅,よすみ
回す,まわす
回る,まわる
回忌,かいき
団扇,うちわ
困る,こまる
囲む,かこむ
囲碁,いご
固い,かたい
国旗,こっき
地図,ちず
地域,ちいき
地帯,ちたい
地殻,ちかく
垣根,かきね
基本,きほん
堅い,かたい
塗装,とそう
墓地,ぼち
墓碑,ぼひ
墨絵,すみえ
壊す,こわす
変化,へんか
変死,へんし
夏至,げし
多い,おおい
大人,おとな
大佐,たいさ
大尉,たいい
大気,たいき
大麻,たいま
天使,てんし
天気,てんき
太い,ふとい
太る,ふとる
太鼓,たいこ
夫妻,ふさい
夫婦,ふうふ
奇数,きすう
奇跡,きせき
奉仕,ほうし
契機,けいき
奮起,ふんき
奴ら,やつら
好む,このむ
妻子,さいし
姉妹,しまい
委員,いいん
委託,いたく
姿勢,しせい
嫌い,きらい
嫌味,いやみ
嫌悪,けんお
子孫,しそん
子牛,こうし
子犬,こいぬ
子猫,こねこ
季節,きせつ
孤児,こじ
孤島,ことう
孤立,こりつ
守る,まもる
安い,やすい
安値,やすね
家事,かじ
家具,かぐ
家庭,かてい
家畜,かちく
家賃,やちん
容易,ようい
密か,ひそか
密輸,みつゆ
富裕,ふゆう
寒い,さむい
察知,さっち
寡黙,かもく
寧ろ,むしろ
審査,しんさ
寸暇,すんか
対比,たいひ
封鎖,ふうさ
少し,すこし
尼僧,にそう
屋敷,やしき
岐阜,ぎふ
左右,さゆう
左翼,さよく
左遷,させん
巧い,うまい
市営,しえい
市立,しりつ
布団,ふとん
布巾,ふきん
帰る,かえる
常に,つねに
平ら,たいら
平和,へいわ
平気,へいき
幼稚,ようち
幾つ,いくつ
幾ら,いくら
広い,ひろい
座る,すわる
庶務,しょむ
廃棄,はいき
廃止,はいし
廉価,れんか
廊下,ろうか
弓矢,ゆみや
弥生,やよい
弱い,よわい
強い,つよい
役目,やくめ
彼ら,かれら
彼氏,かれし
待機,たいき
後ろ,うしろ
得体,えたい
得意,とくい
微か,かすか
徹夜,てつや
心理,しんり
必死,ひっし
必至,ひっし
必須,ひっす
怒り,いかり
怒る,おこる
怒気,どき
怖い,こわい
思う,おもう
思想,しそう
思慕,しぼ
恐い,こわい
恐れ,おそれ
恨み,うらみ
恨む,うらむ
息子,むすこ
悟る,さとる
悩み,なやみ
悩む,なやむ
悪い,わるい
悪夢,あくむ
悪魔,あくま
悲哀,ひあい
悲惨,ひさん
情け,なさけ
愉快,ゆかい
意欲,いよく
意見,いけん
意識,いしき
愚か,おろか
愚痴,ぐち
慈悲,じひ
慕う,したう
慰問,いもん
慰安,いあん
慰謝,いしゃ
憂い,うれい
憎い,にくい
憎む,にくむ
憩い,いこい
憩う,いこう
懇意,こんい
懇話,こんわ
戦禍,せんか
戸籍,こせき
扇子,せんす
払い,はらい
払う,はらう
扶養,ふよう
批判,ひはん
把握,はあく
抑止,よくし
投棄,とうき
投資,とうし
披露,ひろう
抱く,だく
担う,になう
担架,たんか
拒否,きょひ
拘置,こうち
招く,まねく
括る,くくる
括弧,かっこ
拾う,ひろう
指圧,しあつ
指摘,してき
指示,しじ
指紋,しもん
挟む,はさむ
挿絵,さしえ
挿話,そうわ
捕獲,ほかく
捕虜,ほりょ
捜査,そうさ
排他,はいた
排気,はいき
控え,ひかえ
推理,すいり
措辞,そじ
換気,かんき
摂氏,せっし
摂理,せつり
摩擦,まさつ
操作,そうさ
支店,してん
支度,したく
支援,しえん
放す,はなす
放つ,はなつ
放棄,ほうき
政府,せいふ
故に,ゆえに
救う,すくう
教え,おしえ
数詞,すうし
整理,せいり
文句,もんく
文字,もじ
斜め,ななめ
新た,あらた
新芽,しんめ
施行,しこう
施設,しせつ
既存,きそん
既決,きけつ
日本,にほん
日記,にっき
旨い,うまい
早い,はやい
早く,はやく
早瀬,はやせ
明日,あした
映す,うつす
映る,うつる
昨日,きのう
是非,ぜひ
昼寝,ひるね
時差,じさ
時期,じき
時計,とけい
普通,ふつう
普遍,ふへん
景色,けしき
暑い,あつい
暗い,くらい
暗記,あんき
曇り,くもり
曇る,くもる
更に,さらに
書架,しょか
月見,つきみ
有意,ゆうい
朝日,あさひ
期待,きたい
期間,きかん
木綿,もめん
未婚,みこん
未来,みらい
未決,みけつ
未遂,みすい
本屋,ほんや
本気,ほんき
東亜,とうあ
果敢,かかん
果糖,かとう
枯渇,こかつ
架設,かせつ
栄誉,えいよ
根気,こんき
棋院,きいん
検査,けんさ
構う,かまう
構え,かまえ
模型,もけい
模擬,もぎ
模様,もよう
模範,もはん
権利,けんり
権威,けんい
機会,きかい
機械,きかい
歌う,うたう
歌手,かしゅ
歌謡,かよう
武器,ぶき
武士,ぶし
歩く,あるく
歴史,れきし
死体,したい
死刑,しけい
殊に,ことに
残す,のこす
残り,のこり
残る,のこる
殺す,ころす
比例,ひれい
比率,ひりつ
比較,ひかく
毛布,もうふ
毛糸,けいと
毛虫,けむし
氏名,しめい
気候,きこう
気泡,きほう
気温,きおん
汚染,おせん
汚水,おすい
汚点,おてん
江戸,えど
汽笛,きてき
汽船,きせん
汽車,きしゃ
河豚,ふぐ
油彩,ゆさい
治す,なおす
治安,ちあん
沼地,ぬまち
沼田,ぬまた
法規,ほうき
波紋,はもん
洗う,あらう
津波,つなみ
活気,かっき
派手,はで
派遣,はけん
流浪,るろう
浅い,あさい
浪費,ろうひ
浮気,うわき
浴衣,ゆかた
浸す,ひたす
浸る,ひたる
淡い,あわい
深い,ふかい
深さ,ふかさ
深夜,しんや
清い,きよい
渇く,かわく
渡す,わたす
渡る,わたる
測る,はかる
湖畔,こはん
湯気,ゆげ
湿る,しめる
湿地,しっち
湿気,しっけ
漆器,しっき
漬け,づけ
潜む,ひそむ
火事,かじ
火災,かさい
火葬,かそう
灯り,あかり
灯る,ともる
炉心,ろしん
炭素,たんそ
為に,ために
無名,むめい
無我,むが
無敵,むてき
無糖,むとう
無縁,むえん
無茶,むちゃ
無菌,むきん
無駄,むだ
焦り,あせり
焦る,あせる
煙い,けむい
煮物,にもの
熱い,あつい
片手,かたて
特に,とくに
犠飛,ぎひ
犯す,おかす
狂う,くるう
狙い,ねらい
狙う,ねらう
独り,ひとり
狭い,せまい
猶予,ゆうよ
獲物,えもの
王妃,おうひ
珍味,ちんみ
理屈,りくつ
理性,りせい
理由,りゆう
理解,りかい
理論,りろん
甘い,あまい
生保,せいほ
生地,きじ
生徒,せいと
用意,ようい
田畑,たはた
田舎,いなか
申す,もうす
異性,いせい
異義,いぎ
疎通,そつう
疎遠,そえん
疎開,そかい
疲れ,つかれ
疲労,ひろう
疲弊,ひへい
痛い,いたい
痛み,いたみ
痛む,いたむ
痴呆,ちほう
痴漢,ちかん
癖に,くせに
白い,しろい
皮肉,ひにく
皮革,ひかく
盗む,ぬすむ
監視,かんし
直す,なおす
直る,なおる
相手,あいて
相撲,すもう
眉間,みけん
眠い,ねむい
眠る,ねむる
着物,きもの
知識,ちしき
短期,たんき
石油,せきゆ
石碑,せきひ
砂糖,さとう
破壊,はかい
破片,はへん
破産,はさん
破船,はせん
硫黄,いおう
硬い,かたい
磁気,じき
示す,しめす
社費,しゃひ
祈る,いのる
祈念,きねん
祖母,そぼ
祝う,いわう
禁句,きんく
禁忌,きんき
禁止,きんし
禍根,かこん
福祉,ふくし
私営,しえい
私立,しりつ
私邸,してい
私鉄,してつ
科目,かもく
秘密,ひみつ
租界,そかい
移す,うつす
移る,うつる
移民,いみん
稚拙,ちせつ
稲穂,いなほ
空気,くうき
空疎,くうそ
窒素,ちっそ
競う,きそう
笑い,わらい
笑う,わらう
答え,こたえ
管理,かんり
節句,せっく
範囲,はんい
簡易,かんい
粗い,あらい
粗悪,そあく
系譜,けいふ
紙幣,しへい
素敵,すてき
細い,ほそい
紳士,しんし
組織,そしき
経緯,けいい
経路,けいろ
結果,けっか
絡む,からむ
絹糸,けんし
継父,けいふ
維持,いじ
維新,いしん
網羅,もうら
綺麗,きれい
総理,そうり
線路,せんろ
緩い,ゆるい
緩む,ゆるむ
緯度,いど
緯線,いせん
縫目,ぬいめ
繁茂,はんも
繊維,せんい
罷免,ひめん
羅列,られつ
義務,ぎむ
義理,ぎり
習う,ならう
翔る,かける
翻意,ほんい
老舗,しにせ
耐火,たいか
耕地,こうち
聖地,せいち
聡い,さとい
肉屋,にくや
肥満,ひまん
胃痛,いつう
背丈,せたけ
背中,せなか
胞子,ほうし
脇見,わきみ
脳死,のうし
腐る,くさる
腐敗,ふはい
自己,じこ
臭い,くさい
至る,いたる
致す,いたす
舗装,ほそう
花見,はなみ
若い,わかい
若布,わかめ
苦労,くろう
英和,えいわ
茶屋,ちゃや
草地,くさち
荒い,あらい
荷物,にもつ
華美,かび
蒙古,もうこ
薄い,うすい
薦め,すすめ
融資,ゆうし
行為,こうい
衣服,いふく
装置,そうち
襲う,おそう
西瓜,すいか
要旨,ようし
覆う,おおう
覇権,はけん
覇者,はしゃ
見方,みかた
規則,きそく
規律,きりつ
規模,きぼ
視覚,しかく
触る,さわる
託す,たくす
記事,きじ
記憶,きおく
記載,きさい
記録,きろく
許す,ゆるす
許可,きょか
訳す,やくす
詐取,さしゅ
詐欺,さぎ
試す,ためす
試合,しあい
試験,しけん
詩歌,しいか
話す,はなす
誇る,ほこる
誓い,ちかい
誘う,さそう
語る,かたる
誠意,せいい
論旨,ろんし
論理,ろんり
諭す,さとす
諮る,はかる
諮問,しもん
謀る,はかる
講師,こうし
譜面,ふめん
豆腐,とうふ
豊か,ゆたか
負担,ふたん
財布,さいふ
貨幣,かへい
貨物,かもつ
貴様,きさま
貴賓,きひん
費用,ひよう
賄賂,わいろ
資本,しほん
資格,しかく
資金,しきん
贈る,おくる
赤い,あかい
赤痢,せきり
走る,はしる
赴任,ふにん
起伏,きふく
趣味,しゅみ
距離,きょり
路地,ろじ
車庫,しゃこ
軌跡,きせき
軽い,かるい
輝度,きど
輸血,ゆけつ
輸送,ゆそう
辛い,からい
辛子,からし
辺り,あたり
迎え,むかえ
近い,ちかい
近く,ちかく
近視,きんし
返す,かえす
返る,かえる
迫る,せまる
迷い,まよい
迷う,まよう
迷路,めいろ
送る,おくる
通う,かよう
通す,とおす
通り,とおり
通る,とおる
通貨,つうか
速い,はやい
造る,つくる
連鎖,れんさ
逮捕,たいほ
進む,すすむ
進化,しんか
逸話,いつわ
遅い,おそい
遅刻,ちこく
遅延,ちえん
遅滞,ちたい
過程,かてい
過酷,かこく
違反,いはん
遠い,とおい
遠く,とおく
遠視,えんし
遣う,つかう
遥か,はるか
遷都,せんと
遺体,いたい
遺失,いしつ
遺憾,いかん
遺産,いさん
遺跡,いせき
避妊,ひにん
避難,ひなん
都会,とかい
酵素,こうそ
酷使,こくし
酸素,さんそ
醸す,かもす
重い,おもい
野暮,やぼ
野菜,やさい
野郎,やろう
量る,はかる
金庫,きんこ
針医,はりい
鋭利,えいり
鎖国,さこく
閉鎖,へいさ
開始,かいし
闘志,とうし
阿呆,あほう
陛下,へいか
陰気,いんき
陶器,とうき
陽気,ようき
隔離,かくり
隙間,すきま
障る,さわる
隠す,かくす
隣家,りんか
雅致,がち
雇う,やとう
雇用,こよう
離す,はなす
離婚,りこん
零下,れいか
雷雨,らいう
露呈,ろてい
露店,ろてん
露顕,ろけん
露骨,ろこつ
青い,あおい
静止,せいし
非難,ひなん
靴屋,くつや
音痴,おんち
預金,よきん
頼み,たのみ
頼む,たのむ
頼る,たよる
顧問,こもん
風邪,かぜ
颯と,さっと
飛躍,ひやく
飢餓,きが
飽和,ほうわ
養子,ようし
餓死,がし
首位,しゅい
香り,かおり
馬鹿,ばか
駄目,だめ
騎兵,きへい
騎手,きしゅ
騎馬,きば
高い,たかい
高さ,たかさ
高値,たかね
高瀬,たかせ
高炉,こうろ
鬱気,うっき
魔法,まほう
麻酔,ますい
黄色,きいろ
黒い,くろい
鼓膜,こまく
鼓舞,こぶ
お盆,おぼん
一万,いちまん
一体,いったい
一例,いちれい
一億,いちおく
一冊,いっさつ
一割,いちわり
一千,いっせん
一回,いっかい
一層,いっそう
一巻,いっかん
一応,いちおう
一打,いちだ
一抹,いちまつ
一括,いっかつ
一斉,いっせい
一斤,いっきん
一日,いちにち
一旦,いったん
一時,いちじ
一歩,いっぽ
一等,いっとう
一緒,いっしょ
一翼,いちよく
一覧,いちらん
一貫,いっかん
一階,いっかい
丁寧,ていねい
丁目,ちょうめ
三世,さんせい
三人,さんにん
三冊,さんさつ
三角,さんかく
上る,のぼる
下品,げひん
下巻,げかん
下町,したまち
下着,したぎ
不便,ふべん
不朽,ふきゅう
不況,ふきょう
不良,ふりょう
不詳,ふしょう
両手,りょうて
並列,へいれつ
並行,へいこう
中々,なかなか
中佐,ちゅうさ
中古,ちゅうこ
中尉,ちゅうい
中止,ちゅうし
中華,ちゅうか
丹念,たんねん
丹誠,たんせい
主催,しゅさい
主因,しゅいん
主宰,しゅさい
主義,しゅぎ
主観,しゅかん
主語,しゅご
九つ,ここのつ
九日,ここのか
乱す,みだす
乱交,らんこう
乱戦,らんせん
乳首,ちくび
乾燥,かんそう
予防,よぼう
争う,あらそう
事件,じけん
事典,じてん
事変,じへん
事項,じこう
二倍,にばい
二台,にだい
二月,にがつ
二番,にばん
二百,にひゃく
互い,たがい
五感,ごかん
五枚,ごまい
交互,こうご
交通,こうつう
交錯,こうさく
京都,きょうと
人達,ひとたち
今回,こんかい
今度,こんど
今更,いまさら
仕事,しごと
仕草,しぐさ
仙人,せんにん
以前,いぜん
以外,いがい
仮称,かしょう
伏兵,ふくへい
伏線,ふくせん
休暇,きゅうか
休止,きゅうし
会員,かいいん
会社,かいしゃ
会議,かいぎ
会釈,えしゃく
伝記,でんき
伴う,ともなう
体内,たいない
体操,たいそう
体積,たいせき
体育,たいいく
体験,たいけん
何人,なんにん
何回,なんかい
何年,なんねん
何度,なんど
何日,なんにち
何時,なんじ
何枚,なんまい
作品,さくひん
作戦,さくせん
作者,さくしゃ
併殺,へいさつ
依存,いぞん
依然,いぜん
侵攻,しんこう
便利,べんり
保存,ほぞん
保証,ほしょう
保障,ほしょう
信仰,しんこう
信用,しんよう
信託,しんたく
信頼,しんらい
修士,しゅうし
修理,しゅうり
俳優,はいゆう
個人,こじん
倒壊,とうかい
倒産,とうさん
倒錯,とうさく
借家,しゃくや
値札,ねふだ
値段,ねだん
倹約,けんやく
偉人,いじん
偉大,いだい
偏り,かたより
偏る,かたよる
偏見,へんけん
健康,けんこう
偽る,いつわる
偽物,にせもの
偽装,ぎそう
傍ら,かたわら
傑作,けっさく
備蓄,びちく
催促,さいそく
催告,さいこく
債券,さいけん
債権,さいけん
傾く,かたむく
傾向,けいこう
働く,はたらく
僧院,そういん
儀式,ぎしき
優先,ゆうせん
優雅,ゆうが
元気,げんき
先生,せんせい
先祖,せんぞ
先端,せんたん
光年,こうねん
光景,こうけい
光栄,こうえい
克明,こくめい
克服,こくふく
免疫,めんえき
免許,めんきょ
党員,とういん
全く,まったく
全て,すべて
全治,ぜんち
全裸,ぜんら
八冊,はっさつ
公告,こうこく
公営,こうえい
公園,こうえん
公用,こうよう
公益,こうえき
公示,こうじ
公社,こうしゃ
公設,こうせつ
公邸,こうてい
公開,こうかい
兵員,へいいん
兵舎,へいしゃ
兵隊,へいたい
具合,ぐあい
兼用,けんよう
内偵,ないてい
内因,ないいん
内容,ないよう
内緒,ないしょ
円滑,えんかつ
再度,さいど
再建,さいけん
再開,さいかい
写真,しゃしん
冬至,とうじ
冷酷,れいこく
冷静,れいせい
凄い,すごい
凄く,すごく
凍結,とうけつ
凶器,きょうき
凹凸,おうとつ
分離,ぶんり
切符,きっぷ
刑事,けいじ
初回,しょかい
初版,しょはん
別に,べつに
別の,べつの
制度,せいど
制服,せいふく
刺激,しげき
刻む,きざむ
削る,けずる
割合,わりあい
創立,そうりつ
功績,こうせき
劣悪,れつあく
助詞,じょし
効率,こうりつ
勇敢,ゆうかん
動き,うごき
動く,うごく
動詞,どうし
勘案,かんあん
務省,むしょう
募金,ぼきん
勢い,いきおい
勧告,かんこく
勧誘,かんゆう
化粧,けしょう
北西,ほくせい
区分,くぶん
医大,いだい
医学,いがく
医療,いりょう
匿名,とくめい
千円,せんえん
午後,ごご
半径,はんけい
南東,なんとう
単語,たんご
博打,ばくち
占い,うらない
印刷,いんさつ
印鑑,いんかん
即効,そっこう
即座,そくざ
却下,きゃっか
卸値,おろしね
厄介,やっかい
原子,げんし
原油,げんゆ
去年,きょねん
友好,ゆうこう
双子,ふたご
反則,はんそく
反対,はんたい
反射,はんしゃ
反応,はんのう
反攻,はんこう
反省,はんせい
受付,うけつけ
口調,くちょう
叩頭,こうとう
可分,かぶん
台湾,たいわん
台風,たいふう
右手,みぎて
各々,おのおの
各自,かくじ
合図,あいず
名所,めいしょ
名簿,めいぼ
吟味,ぎんみ
含意,がんい
呉服,ごふく
告白,こくはく
周囲,しゅうい
周期,しゅうき
命令,めいれい
和尚,おしょう
和食,わしょく
哀悼,あいとう
品物,しなもの
品質,ひんしつ
唐突,とうとつ
唱歌,しょうか
啓発,けいはつ
啓示,けいじ
啓蒙,けいもう
喉頭,こうとう
喜劇,きげき
喜寿,きじゅ
喪失,そうしつ
喫煙,きつえん
営む,いとなむ
嘆く,なげく
嘆息,たんそく
嘉日,かじつ
噴射,ふんしゃ
噴水,ふんすい
噴煙,ふんえん
四匹,よんひき
四千,よんせん
四月,しがつ
回復,かいふく
回想,かいそう
回転,かいてん
困難,こんなん
図説,ずせつ
国債,こくさい
国宝,こくほう
国民,こくみん
国王,こくおう
国益,こくえき
国籍,こくせき
国賓,こくひん
国際,こくさい
土星,どせい
地中,ちちゅう
地球,ちきゅう
地震,じしん
地面,じめん
均整,きんせい
均等,きんとう
均衡,きんこう
培う,つちかう
基盤,きばん
堀川,ほりかわ
堕胎,だたい
堕落,だらく
報告,ほうこく
場合,ばあい
場所,ばしょ
場面,ばめん
塁審,るいしん
塁打,るいだ
塗料,とりょう
墓場,はかば
増加,ぞうか
墜落,ついらく
墳墓,ふんぼ
壊滅,かいめつ
壮年,そうねん
壮行,そうこう
変事,へんじ
変態,へんたい
変換,へんかん
変更,へんこう
変装,へんそう
変遷,へんせん
夕刊,ゆうかん
外れ,はずれ
多分,たぶん
多忙,たぼう
多額,たがく
夢中,むちゅう
大会,たいかい
大作,たいさく
大切,たいせつ
大変,たいへん
大役,たいやく
大抵,たいてい
大敵,たいてき
大砲,たいほう
大阪,おおさか
大陸,たいりく
天候,てんこう
天才,てんさい
天皇,てんのう
太字,ふとじ
太陽,たいよう
失う,うしなう
失恋,しつれん
失態,しったい
失礼,しつれい
奇妙,きみょう
奇襲,きしゅう
奉公,ほうこう
奉納,ほうのう
契約,けいやく
奔走,ほんそう
奥底,おくそこ
奥様,おくさま
奪う,うばう
女子,じょし
女神,めがみ
奴隷,どれい
妄想,もうそう
妊婦,にんぷ
姓名,せいめい
姫様,ひめさま
威厳,いげん
娯楽,ごらく
婚姻,こんいん
婦人,ふじん
嫌疑,けんぎ
子供,こども
字典,じてん
字幕,じまく
孝行,こうこう
孤独,こどく
学期,がっき
宇宙,うちゅう
安心,あんしん
安泰,あんたい
完成,かんせい
完結,かんけつ
宗派,しゅうは
官営,かんえい
官邸,かんてい
官金,かんきん
定款,ていかん
定義,ていぎ
宝石,ほうせき
宴会,えんかい
家族,かぞく
容疑,ようぎ
容赦,ようしゃ
密会,みっかい
密告,みっこく
寛容,かんよう
寝坊,ねぼう
寝床,ねどこ
対応,たいおう
対立,たいりつ
対等,たいとう
対策,たいさく
封書,ふうしょ
封筒,ふうとう
専攻,せんこう
専門,せんもん
尊い,とうとい
尊敬,そんけい
小声,こごえ
小指,こゆび
小柄,こがら
小皿,こざら
小舟,こぶね
小豆,あずき
少佐,しょうさ
少尉,しょうい
尚更,なおさら
尻尾,しっぽ
屈む,かがむ
届く,とどく
展開,てんかい
山荘,さんそう
山葵,わさび
崇拝,すうはい
崇高,すうこう
崩す,くずす
崩壊,ほうかい
川崎,かわさき
巡る,めぐる
工事,こうじ
工作,こうさく
差別,さべつ
布地,ぬのじ
帆船,はんせん
帆走,はんそう
希望,きぼう
帝国,ていこく
帝政,ていせい
師匠,ししょう
帽子,ぼうし
幕府,ばくふ
干天,かんてん
干潟,ひがた
平均,へいきん
平安,へいあん
平穏,へいおん
平衡,へいこう
平静,へいせい
年上,としうえ
年下,としした
年内,ねんない
年末,ねんまつ
年来,ねんらい
年次,ねんじ
年譜,ねんぷ
年齢,ねんれい
幸い,さいわい
幸せ,しあわせ
幸福,こうふく
幸運,こううん
幼い,おさない
幼児,ようじ
幽閉,ゆうへい
幽霊,ゆうれい
幾度,いくど
広告,こうこく
広島,ひろしま
店員,てんいん
店舗,てんぽ
座席,ざせき
座敷,ざしき
庶民,しょみん
廃墟,はいきょ
建前,たてまえ
建物,たてもの
建築,けんちく
建設,けんせつ
弔う,とむらう
弔意,ちょうい
引退,いんたい
弱虫,よわむし
弾む,はずむ
役人,やくにん
役割,やくわり
役場,やくば
往復,おうふく
征服,せいふく
待合,まちあい
後悔,こうかい
後輩,こうはい
御免,ごめん
御札,おふだ
御飯,ごはん
徹底,てってい
心底,しんそこ
心得,こころえ
心身,しんしん
必要,ひつよう
忍耐,にんたい
志望,しぼう
応募,おうぼ
応援,おうえん
快感,かいかん
快楽,かいらく
快速,かいそく
快適,かいてき
怠い,だるい
怠る,おこたる
怠惰,たいだ
怠慢,たいまん
急に,きゅうに
急死,きゅうし
性愛,せいあい
性格,せいかく
恋愛,れんあい
恐怖,きょうふ
恒例,こうれい
恒星,こうせい
恩赦,おんしゃ
恵む,めぐむ
悠々,ゆうゆう
悪人,あくにん
悪例,あくれい
悪口,わるくち
悪気,わるぎ
悲劇,ひげき
惑う,まどう
惜敗,せきはい
惨め,みじめ
惨事,さんじ
惰性,だせい
想定,そうてい
意匠,いしょう
意外,いがい
感心,かんしん
感想,かんそう
感染,かんせん
感涙,かんるい
感覚,かんかく
感謝,かんしゃ
感銘,かんめい
慈愛,じあい
態と,わざと
態度,たいど
慎む,つつしむ
慢性,まんせい
慶事,けいじ
憂国,ゆうこく
憂慮,ゆうりょ
憂鬱,ゆううつ
憲政,けんせい
憶測,おくそく
懇親,こんしん
懸命,けんめい
成功,せいこう
成績,せいせき
我々,われわれ
我慢,がまん
戒告,かいこく
戦い,たたかい
戦う,たたかう
戦争,せんそう
戦車,せんしゃ
戦闘,せんとう
戯れ,たわむれ
戸口,とぐち
戸棚,とだな
戻す,もどす
戻る,もどる
所載,しょさい
所轄,しょかつ
手帳,てちょう
手紙,てがみ
手頃,てごろ
手首,てくび
才能,さいのう
扱い,あつかい
扱う,あつかう
扶助,ふじょ
承知,しょうち
技能,ぎのう
抑制,よくせい
抑圧,よくあつ
投手,とうしゅ
投稿,とうこう
抗体,こうたい
抗戦,こうせん
折角,せっかく
抱擁,ほうよう
抹殺,まっさつ
抹茶,まっちゃ
担当,たんとう
拍子,ひょうし
拍手,はくしゅ
拒む,こばむ
拝む,おがむ
拠点,きょてん
指導,しどう
指輪,ゆびわ
挑む,いどむ
挨拶,あいさつ
捕鯨,ほげい
捜す,さがす
捜索,そうさく
掃除,そうじ
排水,はいすい
採決,さいけつ
採用,さいよう
採算,さいさん
探す,さがす
探偵,たんてい
推定,すいてい
推測,すいそく
推薦,すいせん
掲示,けいじ
掲載,けいさい
提案,ていあん
握り,にぎり
握る,にぎる
握手,あくしゅ
搬送,はんそう
搭載,とうさい
携帯,けいたい
搾る,しぼる
搾取,さくしゅ
摂取,せっしゅ
撤去,てっきょ
撤回,てっかい
撮影,さつえい
擁立,ようりつ
擁護,ようご
操る,あやつる
擬装,ぎそう
支局,しきょく
改正,かいせい
放射,ほうしゃ
放浪,ほうろう
政党,せいとう
政治,せいじ
政策,せいさく
故郷,こきょう
故障,こしょう
敗者,はいしゃ
教師,きょうし
教諭,きょうゆ
敢行,かんこう
敢闘,かんとう
散歩,さんぽ
敬語,けいご
数字,すうじ
数年,すうねん
敷金,しききん
文化,ぶんか
料理,りょうり
斜体,しゃたい
斜面,しゃめん
断る,ことわる
新年,しんねん
新築,しんちく
新鋭,しんえい
新鮮,しんせん
方向,ほうこう
方法,ほうほう
旅券,りょけん
旅行,りょこう
旅館,りょかん
旋回,せんかい
旋律,せんりつ
既に,すでに
日光,にっこう
日刊,にっかん
日欧,にちおう
日程,にってい
日系,にっけい
日韓,にっかん
旦那,だんな
早々,そうそう
早口,はやくち
早退,そうたい
早速,さっそく
昆布,こんぶ
昇る,のぼる
明朗,めいろう
明治,めいじ
映画,えいが
昨今,さっこん
昨年,さくねん
昭和,しょうわ
時候,じこう
時間,じかん
普及,ふきゅう
普段,ふだん
景観,けいかん
暖炉,だんろ
暗殺,あんさつ
暗闇,くらやみ
暴露,ばくろ
曜日,ようび
更新,こうしん
更生,こうせい
更迭,こうてつ
書斎,しょさい
書類,しょるい
最も,もっとも
最低,さいてい
最初,さいしょ
最後,さいご
最悪,さいあく
最深,さいしん
最近,さいきん
最高,さいこう
有名,ゆうめい
有益,ゆうえき
服装,ふくそう
朗報,ろうほう
望み,のぞみ
望む,のぞむ
期限,きげん
木製,もくせい
本当,ほんとう
本来,ほんらい
本物,ほんもの
本社,ほんしゃ
本能,ほんのう
本舗,ほんぽ
本質,ほんしつ
本館,ほんかん
朱印,しゅいん
来年,らいねん
来賓,らいひん
東北,とうほく
東方,とうほう
松葉,まつば
枚数,まいすう
果樹,かじゅ
柔和,にゅうわ
栄光,えいこう
校閲,こうえつ
根拠,こんきょ
格好,かっこう
桃色,ももいろ
案内,あんない
梅酒,うめしゅ
検疫,けんえき
検索,けんさく
検閲,けんえつ
楓糖,ふうとう
楽器,がっき
楽譜,がくふ
構成,こうせい
横浜,よこはま
樹皮,じゅひ
樹脂,じゅし
機嫌,きげん
機敏,きびん
欄干,らんかん
欠伸,あくび
欠席,けっせき
欠点,けってん
欠陥,けっかん
次回,じかい
歌劇,かげき
歌唱,かしょう
正す,ただす
正座,せいざ
正確,せいかく
正義,せいぎ
正解,せいかい
武装,ぶそう
歩道,ほどう
歳暮,せいぼ
死亡,しぼう
殊勲,しゅくん
残余,ざんよ
殴る,なぐる
殴打,おうだ
殺菌,さっきん
殿様,とのさま
母親,ははおや
毎回,まいかい
毎年,まいとし
毎度,まいど
毎日,まいにち
毎月,まいつき
毎朝,まいあさ
民謡,みんよう
気分,きぶん
気概,きがい
気象,きしょう
水仙,すいせん
水兵,すいへい
水星,すいせい
水槽,すいそう
水泡,すいほう
水深,すいしん
水滴,すいてき
永遠,えいえん
汁物,しるもの
汚い,きたない
汚す,よごす
汚濁,おだく
決定,けってい
決心,けっしん
決裂,けつれつ
沈む,しずむ
沈滞,ちんたい
沈黙,ちんもく
沖合,おきあい
沖縄,おきなわ
沢山,たくさん
河童,かっぱ
沸点,ふってん
沸騰,ふっとう
油断,ゆだん
油田,ゆでん
治療,ちりょう
沿海,えんかい
沿線,えんせん
法則,ほうそく
法廷,ほうてい
法律,ほうりつ
法曹,ほうそう
注意,ちゅうい
洋室,ようしつ
洋服,ようふく
洋風,ようふう
洗練,せんれん
洗脳,せんのう
洗車,せんしゃ
活用,かつよう
活躍,かつやく
流す,ながす
浜辺,はまべ
浪人,ろうにん
浴槽,よくそう
海溝,かいこう
海藻,かいそう
浸水,しんすい
浸透,しんとう
消化,しょうか
消費,しょうひ
液体,えきたい
涼む,すずむ
淡水,たんすい
深刻,しんこく
混乱,こんらん
混血,こんけつ
添付,てんぷ
清潔,せいけつ
渋い,しぶい
渋谷,しぶや
渓谷,けいこく
渦中,かちゅう
温度,おんど
温泉,おんせん
湧水,ゆうすい
満員,まんいん
満悦,まんえつ
満点,まんてん
滋養,じよう
滑る,すべる
滴る,したたる
漁師,りょうし
漆黒,しっこく
漏水,ろうすい
演奏,えんそう
演技,えんぎ
漢字,かんじ
漫画,まんが
漬物,つけもの
漸く,ようやく
潜る,くぐる
潜水,せんすい
潤い,うるおい
潤う,うるおう
濁す,にごす
濁る,にごる
濃度,のうど
濃紺,のうこん
火傷,やけど
火山,かざん
火鉢,ひばち
灰色,はいいろ
災難,さいなん
炊事,すいじ
炭鉱,たんこう
点数,てんすう
点滴,てんてき
無事,ぶじ
無休,むきゅう
無力,むりょく
無害,むがい
無料,むりょう
無税,むぜい
無職,むしょく
無言,むごん
無謀,むぼう
無限,むげん
煩い,うるさい
熱心,ねっしん
熱烈,ねつれつ
父親,ちちおや
片言,かたこと
片道,かたみち
片隅,かたすみ
版権,はんけん
牧師,ぼくし
牧野,ぼくや
物価,ぶっか
特技,とくぎ
特殊,とくしゅ
特質,とくしつ
特選,とくせん
犠打,ぎだ
犠牲,ぎせい
犯人,はんにん
狂気,きょうき
狙撃,そげき
猛烈,もうれつ
猟師,りょうし
献血,けんけつ
献金,けんきん
獲得,かくとく
玄人,くろうと
王冠,おうかん
王子,おうじ
王様,おうさま
現す,あらわす
現に,げんに
球威,きゅうい
甘党,あまとう
甘酢,あまず
生活,せいかつ
生還,せいかん
用事,ようじ
甲乙,こうおつ
画廊,がろう
画面,がめん
畜産,ちくさん
略す,りゃくす
疎か,おろそか
疎ら,まばら
疎外,そがい
疑問,ぎもん
疾患,しっかん
疾走,しっそう
痛恨,つうこん
痩身,そうしん
癒着,ゆちゃく
発掘,はっくつ
発見,はっけん
発酵,はっこう
発音,はつおん
登る,のぼる
登山,とざん
登録,とうろく
白旗,しらはた
白熊,しろくま
白黒,しろくろ
皆様,みなさま
皇室,こうしつ
皇帝,こうてい
盗作,とうさく
盗品,とうひん
盗撮,とうさつ
盟約,めいやく
監督,かんとく
目次,もくじ
目玉,めだま
目的,もくてき
盲点,もうてん
盲目,もうもく
相互,そうご
相図,あいず
省く,はぶく
眉毛,まゆげ
県営,けんえい
真剣,しんけん
真鯉,まごい
眺め,ながめ
眼鏡,めがね
睡眠,すいみん
瞬く,またたく
矛先,ほこさき
短刀,たんとう
石炭,せきたん
砂丘,さきゅう
砂漠,さばく
砕く,くだく
砕石,さいせき
破る,やぶる
碑文,ひぶん
確率,かくりつ
確認,かくにん
磁場,じば
磨き,みがき
磨く,みがく
礼儀,れいぎ
社会,しゃかい
社内,しゃない
社員,しゃいん
祈願,きがん
神様,かみさま
神聖,しんせい
神道,しんとう
禁煙,きんえん
福島,ふくしま
私大,しだい
私財,しざい
科学,かがく
租税,そぜい
移動,いどう
程度,ていど
種類,しゅるい
稲作,いなさく
稲田,いなだ
穀物,こくもつ
穀類,こくるい
穏当,おんとう
穴場,あなば
穴子,あなご
空席,くうせき
空欄,くうらん
空港,くうこう
空車,くうしゃ
空間,くうかん
突貫,とっかん
窃盗,せっとう
窒息,ちっそく
窮地,きゅうち
立派,りっぱ
竜巻,たつまき
童話,どうわ
笑顔,えがお
筋肉,きんにく
算数,さんすう
管轄,かんかつ
簡単,かんたん
粉砕,ふんさい
粒子,りゅうし
粘り,ねばり
粘る,ねばる
粘土,ねんど
精度,せいど
精神,せいしん
約束,やくそく
約款,やっかん
紅茶,こうちゃ
納得,なっとく
納豆,なっとう
紛れ,まぐれ
素朴,そぼく
素材,そざい
索引,さくいん
累積,るいせき
累計,るいけい
累進,るいしん
細菌,さいきん
経験,けいけん
結婚,けっこん
結構,けっこう
絞る,しぼる
絞殺,こうさつ
給与,きゅうよ
給油,きゅうゆ
統帥,とうすい
統括,とうかつ
続く,つづく
網戸,あみど
網膜,もうまく
綿布,めんぷ
緋鯉,ひごい
総帥,そうすい
総括,そうかつ
締切,しめきり
編者,へんしゃ
緩慢,かんまん
縁起,えんぎ
縛る,しばる
縦横,たてよこ
縫製,ほうせい
繁栄,はんえい
繊細,せんさい
織物,おりもの
署名,しょめい
羊毛,ようもう
羨む,うらやむ
翌年,よくねん
翌朝,よくあさ
翻訳,ほんやく
老婆,ろうば
老衰,ろうすい
老齢,ろうれい
考慮,こうりょ
耐熱,たいねつ
耕作,こうさく
聖書,せいしょ
聡明,そうめい
肉欲,にくよく
肝炎,かんえん
肥料,ひりょう
肯定,こうてい
育つ,そだつ
胃腸,いちょう
胆石,たんせき
背広,せびろ
背後,はいご
背景,はいけい
胎児,たいじ
胡座,あぐら
胡瓜,きゅうり
脂肪,しぼう
脅し,おどし
脅す,おどす
脇役,わきやく
脊椎,せきつい
脱衣,だつい
腐食,ふしょく
臨む,のぞむ
臨時,りんじ
臨海,りんかい
自信,じしん
自制,じせい
自宅,じたく
自愛,じあい
自慢,じまん
自殺,じさつ
自決,じけつ
自炊,じすい
自然,しぜん
自由,じゆう
自立,じりつ
自薦,じせん
自衛,じえい
自覚,じかく
興味,きょうみ
興奮,こうふん
舞台,ぶたい
舞踏,ぶとう
航法,こうほう
航空,こうくう
舶来,はくらい
船体,せんたい
船員,せんいん
艦船,かんせん
艦艇,かんてい
艦隊,かんたい
色々,いろいろ
色彩,しきさい
色盲,しきもう
芝生,しばふ
花壇,かだん
花婿,はなむこ
花柳,かりゅう
花火,はなび
花瓶,かびん
芳香,ほうこう
苗木,なえぎ
若者,わかもの
苦い,にがい
苦手,にがて
英国,えいこく
英訳,えいやく
英語,えいご
英雄,えいゆう
茂る,しげる
茶色,ちゃいろ
草稿,そうこう
荒波,あらなみ
荷札,にふだ
華道,かどう
萌芽,ほうが
落胆,らくたん
落雷,らくらい
葉書,はがき
著作,ちょさく
著者,ちょしゃ
葬る,ほうむる
葬儀,そうぎ
葬式,そうしき
蓮根,れんこん
蓮花,れんげ
薬方,やくほう
薬用,やくよう
藩主,はんしゅ
虫歯,むしば
蜂蜜,はちみつ
血圧,けつあつ
血液,けつえき
血管,けっかん
行う,おこなう
衛星,えいせい
衛生,えいせい
表す,あらわす
衰退,すいたい
被る,かぶる
被害,ひがい
裁く,さばく
裁縫,さいほう
装い,よそおい
装う,よそおう
裕福,ゆうふく
裸足,はだし
製作,せいさく
製品,せいひん
製鋼,せいこう
複写,ふくしゃ
複数,ふくすう
褒美,ほうび
襟元,えりもと
西暦,せいれき
西洋,せいよう
要点,ようてん
要請,ようせい
要項,ようこう
覆面,ふくめん
見事,みごと
覚悟,かくご
親切,しんせつ
親友,しんゆう
親展,しんてん
親類,しんるい
観光,かんこう
観念,かんねん
観測,かんそく
観覧,かんらん
角度,かくど
角膜,かくまく
解散,かいさん
解析,かいせき
解決,かいけつ
解説,かいせつ
言葉,ことば
訂正,ていせい
計画,けいかく
計算,けいさん
討論,とうろん
訓戒,くんかい
訓練,くんれん
記帳,きちょう
訪問,ほうもん
訳者,やくしゃ
訳語,やくご
訴訟,そしょう
診察,しんさつ
証拠,しょうこ
詐称,さしょう
評価,ひょうか
試食,ししょく
詩人,しじん
話題,わだい
誇大,こだい
誇張,こちょう
誓約,せいやく
誘惑,ゆうわく
誘拐,ゆうかい
誠に,まことに
誤り,あやまり
誤字,ごじ
誤用,ごよう
誤算,ごさん
誤解,ごかい
説得,せっとく
説明,せつめい
誰か,だれか
課長,かちょう
調子,ちょうし
諦観,ていかん
諸々,もろもろ
諸君,しょくん
諾否,だくひ
謙虚,けんきょ
謙遜,けんそん
講演,こうえん
講義,こうぎ
謝る,あやまる
警告,けいこく
警官,けいかん
警察,けいさつ
警戒,けいかい
議会,ぎかい
議員,ぎいん
議論,ぎろん
譲る,ゆずる
豊満,ほうまん
豪華,ごうか
貞操,ていそう
貞節,ていせつ
貢献,こうけん
貫く,つらぬく
貫徹,かんてつ
貫通,かんつう
責任,せきにん
貯蓄,ちょちく
貯金,ちょきん
貴い,とうとい
貴族,きぞく
貴重,きちょう
賃貸,ちんたい
賄う,まかなう
資料,しりょう
賛成,さんせい
賢い,かしこい
賢明,けんめい
質問,しつもん
赦免,しゃめん
走行,そうこう
起床,きしょう
越権,えっけん
足跡,あしあと
踊り,おどり
踊る,おどる
躍り,おどり
躍る,おどる
躍進,やくしん
身体,しんたい
車内,しゃない
車輪,しゃりん
軌道,きどう
軒並,のきなみ
軟禁,なんきん
転送,てんそう
輪郭,りんかく
輸入,ゆにゅう
輸出,ゆしゅつ
辛口,からくち
辞典,じてん
辞書,じしょ
農民,のうみん
農耕,のうこう
近年,きんねん
近道,ちかみち
近郊,きんこう
近隣,きんりん
返事,へんじ
返信,へんしん
返還,へんかん
迷信,めいしん
迷子,まいご
迷彩,めいさい
迷惑,めいわく
追悼,ついとう
退屈,たいくつ
逃す,のがす
透明,とうめい
途中,とちゅう
通勤,つうきん
通訳,つうやく
通販,つうはん
逝去,せいきょ
速度,そくど
連盟,れんめい
連覇,れんぱ
進呈,しんてい
進行,しんこう
遂行,すいこう
遊戯,ゆうぎ
運命,うんめい
運河,うんが
遍歴,へんれき
過敏,かびん
道路,どうろ
違い,ちがい
違う,ちがう
遠征,えんせい
遠慮,えんりょ
遠足,えんそく
適当,てきとう
遭難,そうなん
選手,せんしゅ
選択,せんたく
選挙,せんきょ
遺伝,いでん
邦訳,ほうやく
邪魔,じゃま
邸内,ていない
邸宅,ていたく
部室,ぶしつ
部首,ぶしゅ
郷里,きょうり
都合,つごう
都庁,とちょう
配る,くばる
配慮,はいりょ
酪農,らくのう
酵母,こうぼ
酷い,ひどい
酷似,こくじ
酷暑,こくしょ
醜い,みにくい
醤油,しょうゆ
野球,やきゅう
野蛮,やばん
金星,きんせい
金玉,きんたま
鈍い,にぶい
鈍器,どんき
鉄鉱,てっこう
鉛管,えんかん
鉢巻,はちまき
鉱石,こうせき
銀杏,いちょう
銘々,めいめい
銭湯,せんとう
錯乱,さくらん
錯覚,さっかく
錯誤,さくご
録音,ろくおん
鍛錬,たんれん
鎮圧,ちんあつ
鎮魂,ちんこん
鑑定,かんてい
長い,ながい
長さ,ながさ
門扉,もんぴ
閉店,へいてん
開封,かいふう
開拓,かいたく
開発,かいはつ
開閉,かいへい
閑散,かんさん
閑静,かんせい
間接,かんせつ
間隔,かんかく
関係,かんけい
関心,かんしん
関西,かんさい
関連,かんれん
閣議,かくぎ
閲覧,えつらん
闘う,たたかう
阪神,はんしん
防止,ぼうし
防火,ぼうか
阻む,はばむ
阻害,そがい
降伏,こうふく
降参,こうさん
降車,こうしゃ
限る,かぎる
除く,のぞく
陥る,おちいる
陥落,かんらく
陳列,ちんれつ
陳腐,ちんぷ
隆起,りゅうき
隠匿,いんとく
隠居,いんきょ
雄犬,おすいぬ
雌花,めばな
雑煮,ぞうに
雑誌,ざっし
零す,こぼす
零時,れいじ
零点,れいてん
電子,でんし
電気,でんき
電池,でんち
電話,でんわ
震度,しんど
震災,しんさい
霊園,れいえん
霊感,れいかん
露出,ろしゅつ
青年,せいねん
青葉,あおば
静か,しずか
非凡,ひぼん
面接,めんせつ
面積,めんせき
革命,かくめい
靴下,くつした
韓国,かんこく
音訓,おんくん
響く,ひびく
項目,こうもく
頑固,がんこ
頭痛,ずつう
頻度,ひんど
顕著,けんちょ
風船,ふうせん
食器,しょっき
飾り,かざり
飾る,かざる
養う,やしなう
養鶏,ようけい
首班,しゅはん
香水,こうすい
香港,ほんこん
馬力,ばりき
駅前,えきまえ
駅員,えきいん
騒音,そうおん
骨折,こっせつ
骨格,こっかく
高校,こうこう
高等,こうとう
高騰,こうとう
魂胆,こんたん
魅力,みりょく
魔女,まじょ
魚屋,さかなや
鰐蟹,わにかに
鶏卵,けいらん
鶏肉,とりにく
麻布,あさぬの
黒幕,くろまく
黒潮,くろしお
黒煙,こくえん
黙る,だまる
黙殺,もくさつ
鼓動,こどう
鼻先,はなさき
鼻歌,はなうた
鼻血,はなぢ
一代,いちだい
一匹,いっぴき
一台,いちだい
一周,いっしゅう
一月,いちがつ
一杯,いっぱい
一泊,いっぱく
一流,いちりゅう
一生,いっしょう
一番,いちばん
一瞬,いっしゅん
一筋,ひとすじ
一般,いっぱん
一遍,いっぺん
丁度,ちょうど
万人,ばんにん
三杯,さんばい
上司,じょうし
不浄,ふじょう
不純,ふじゅん
両方,りょうほう
両翼,りょうよく
両者,りょうしゃ
中央,ちゅうおう
中指,なかゆび
中東,ちゅうとう
中枢,ちゅうすう
中欧,ちゅうおう
主人,しゅじん
主唱,しゅしょう
主将,しゅしょう
乱暴,らんぼう
乾杯,かんぱい
了解,りょうかい
事実,じじつ
二重,にじゅう
五台,ごだい
五月,ごがつ
五百,ごひゃく
亡霊,ぼうれい
交渉,こうしょう
交番,こうばん
人々,ひとびと
人参,にんじん
人口,じんこう
人工,じんこう
人性,じんせい
人数,にんずう
人柄,ひとがら
人格,じんかく
人権,じんけん
人生,じんせい
人種,じんしゅ
人間,にんげん
人類,じんるい
仁義,じんぎ
今月,こんげつ
今週,こんしゅう
介入,かいにゅう
仏僧,ぶっそう
仏典,ぶってん
仙台,せんだい
代用,だいよう
以上,いじょう
伐採,ばっさい
休憩,きゅうけい
伝統,でんとう
伝説,でんせつ
伝達,でんたつ
伺い,うかがい
伺う,うかがう
体力,たいりょく
何千,なんぜん
何月,なんがつ
何遍,なんべん
余剰,よじょう
作文,さくぶん
作業,さぎょう
併合,へいごう
例外,れいがい
例文,れいぶん
侮る,あなどる
侮蔑,ぶべつ
侵入,しんにゅう
侵害,しんがい
侵食,しんしょく
便秘,べんぴ
促す,うながす
俊才,しゅんさい
俗語,ぞくご
信号,しんごう
信奉,しんぽう
信心,しんじん
借款,しゃっかん
借用,しゃくよう
借金,しゃっきん
偏狭,へんきょう
偏食,へんしょく
停電,ていでん
偽造,ぎぞう
傍観,ぼうかん
傲慢,ごうまん
傷心,しょうしん
傷者,しょうしゃ
償う,つぐなう
優勝,ゆうしょう
優秀,ゆうしゅう
優遇,ゆうぐう
元帥,げんすい
元旦,がんたん
兆候,ちょうこう
先日,せんじつ
先月,せんげつ
先程,さきほど
先輩,せんぱい
先週,せんしゅう
先頃,さきごろ
免税,めんぜい
免除,めんじょ
児童,じどう
入所,にゅうしょ
入社,にゅうしゃ
入籍,にゅうせき
入門,にゅうもん
入院,にゅういん
入隊,にゅうたい
全員,ぜんいん
全国,ぜんこく
全壊,ぜんかい
全損,ぜんそん
全景,ぜんけい
全身,ぜんしん
全部,ぜんぶ
公共,こうきょう
公害,こうがい
六月,ろくがつ
共有,きょうゆう
兵糧,ひょうろう
内側,うちがわ
内堀,うちぼり
内臓,ないぞう
円盤,えんばん
冒険,ぼうけん
冷房,れいぼう
冷遇,れいぐう
凄絶,せいぜつ
凝固,ぎょうこ
凝視,ぎょうし
凡庸,ぼんよう
処分,しょぶん
処遇,しょぐう
凶悪,きょうあく
凸版,とっぱん
出口,でぐち
出席,しゅっせき
出所,しゅっしょ
出血,しゅっけつ
分析,ぶんせき
分裂,ぶんれつ
分解,ぶんかい
分類,ぶんるい
切腹,せっぷく
切迫,せっぱく
刑罰,けいばつ
初級,しょきゅう
判断,はんだん
別冊,べっさつ
別荘,べっそう
利潤,りじゅん
到着,とうちゃく
削減,さくげん
削除,さくじょ
前回,ぜんかい
前景,ぜんけい
前面,ぜんめん
剛健,ごうけん
剣道,けんどう
副題,ふくだい
割引,わりびき
創造,そうぞう
劇的,げきてき
助手,じょしゅ
努力,どりょく
労働,ろうどう
効力,こうりょく
動揺,どうよう
勘弁,かんべん
勝敗,しょうはい
勝者,しょうしゃ
勝負,しょうぶ
募集,ぼしゅう
勢力,せいりょく
勲章,くんしょう
包丁,ほうちょう
午前,ごぜん
半分,はんぶん
半袖,はんそで
半額,はんがく
卓球,たっきゅう
協会,きょうかい
南極,なんきょく
南瓜,かぼちゃ
南米,なんべい
南蛮,なんばん
即日,そくじつ
即興,そっきょう
卸売,おろしうり
原作,げんさく
原因,げんいん
原型,げんけい
原潜,げんせん
原稿,げんこう
厳禁,げんきん
友人,ゆうじん
友達,ともだち
反響,はんきょう
収穫,しゅうかく
収納,しゅうのう
取材,しゅざい
受胎,じゅたい
受託,じゅたく
受験,じゅけん
叙勲,じょくん
口癖,くちぐせ
口笛,くちぶえ
口紅,くちべに
召喚,しょうかん
号室,ごうしつ
合繊,ごうせん
合計,ごうけい
同感,どうかん
同時,どうじ
同盟,どうめい
同胞,どうほう
名人,めいじん
名字,みょうじ
名曲,めいきょく
名物,めいぶつ
吾輩,わがはい
周年,しゅうねん
哲学,てつがく
商人,しょうにん
商品,しょうひん
問題,もんだい
善悪,ぜんあく
喉飴,のどあめ
嘱託,しょくたく
噴出,ふんしゅつ
四百,よんひゃく
困窮,こんきゅう
国境,こっきょう
国柄,くにがら
圏外,けんがい
土俵,どひょう
土塀,どべい
圧力,あつりょく
圧迫,あっぱく
地上,ちじょう
地獄,じごく
地蔵,じぞう
坊主,ぼうず
坑道,こうどう
垂直,すいちょく
埋没,まいぼつ
執筆,しっぴつ
培養,ばいよう
基準,きじゅん
堤防,ていぼう
報道,ほうどう
報酬,ほうしゅう
塩味,しおあじ
塩水,しおみず
境界,きょうかい
壮大,そうだい
変人,へんじん
外交,がいこう
外側,そとがわ
外国,がいこく
外堀,そとぼり
外来,がいらい
外観,がいかん
外面,がいめん
大事,だいじ
大体,だいたい
大勢,おおぜい
大声,おおごえ
大将,たいしょう
大幅,おおはば
大損,おおぞん
大根,だいこん
大概,たいがい
大略,たいりゃく
大空,おおぞら
大胆,だいたん
大衆,たいしゅう
大量,たいりょう
天国,てんごく
失敗,しっぱい
失望,しつぼう
奏楽,そうがく
奔放,ほんぽう
女優,じょゆう
女性,じょせい
女権,じょけん
女王,じょおう
妙薬,みょうやく
妥協,だきょう
娘婿,むすめむこ
媒介,ばいかい
媒体,ばいたい
存在,そんざい
学問,がくもん
学年,がくねん
学校,がっこう
学歴,がくれき
学生,がくせい
学者,がくしゃ
学院,がくいん
安全,あんぜん
完了,かんりょう
完全,かんぜん
官僚,かんりょう
官庁,かんちょう
定量,ていりょう
定額,ていがく
実感,じっかん
実践,じっせん
実際,じっさい
実験,じっけん
客室,きゃくしつ
宣伝,せんでん
宣言,せんげん
宮廷,きゅうてい
宰相,さいしょう
宿泊,しゅくはく
密猟,みつりょう
寛大,かんだい
審判,しんぱん
寮生,りょうせい
寸前,すんぜん
寸法,すんぽう
対外,たいがい
対称,たいしょう
対談,たいだん
対象,たいしょう
将来,しょうらい
将棋,しょうぎ
尋問,じんもん
導く,みちびく
小包,こづつみ
小説,しょうせつ
少年,しょうねん
山岳,さんがく
山脈,さんみゃく
山賊,さんぞく
山頂,さんちょう
峡谷,きょうこく
川底,かわぞこ
川柳,せんりゅう
巡査,じゅんさ
工学,こうがく
左手,ひだりて
巧妙,こうみょう
巨人,きょじん
巨匠,きょしょう
巨大,きょだい
帆柱,ほばしら
帳簿,ちょうぼ
干渉,かんしょう
平凡,へいぼん
平日,へいじつ
年俸,ねんぽう
年輩,ねんぱい
年頃,としごろ
年額,ねんがく
幻想,げんそう
幻滅,げんめつ
幻覚,げんかく
庁舎,ちょうしゃ
庄園,しょうえん
座禅,ざぜん
廃絶,はいぜつ
延長,えんちょう
弁当,べんとう
弁慶,べんけい
弊害,へいがい
弔辞,ちょうじ
強制,きょうせい
強烈,きょうれつ
強盗,ごうとう
当然,とうぜん
彩り,いろどり
彩る,いろどる
彫刻,ちょうこく
影響,えいきょう
彼女,かのじょ
待遇,たいぐう
律動,りつどう
徐行,じょこう
従う,したがう
復旧,ふっきゅう
復習,ふくしゅう
微妙,びみょう
徳川,とくがわ
心臓,しんぞう
心配,しんぱい
心願,しんがん
必勝,ひっしょう
忍者,にんじゃ
応酬,おうしゅう
忠告,ちゅうこく
忠誠,ちゅうせい
快い,こころよい
念願,ねんがん
急患,きゅうかん
急行,きゅうこう
急騰,きゅうとう
怪物,かいぶつ
怪談,かいだん
恋人,こいびと
恐喝,きょうかつ
恐慌,きょうこう
恒久,こうきゅう
恥辱,ちじょく
恩人,おんじん
恩賞,おんしょう
悠久,ゆうきゅう
悠長,ゆうちょう
患う,わずらう
患者,かんじゃ
悪女,あくじょ
悪戯,いたずら
悪霊,あくりょう
愛人,あいじん
愛憎,あいぞう
感慨,かんがい
感触,かんしょく
慈善,じぜん
慎重,しんちょう
慶弔,けいちょう
慶祝,けいしゅく
憤慨,ふんがい
憧れ,あこがれ
憲法,けんぽう
懇談,こんだん
成程,なるほど
戦没,せんぼつ
戯曲,ぎきょく
所属,しょぞく
手袋,てぶくろ
手錠,てじょう
批准,ひじゅん
承認,しょうにん
抹消,まっしょう
抽選,ちゅうせん
拡大,かくだい
拡張,かくちょう
拳骨,げんこつ
拷問,ごうもん
指先,ゆびさき
挑戦,ちょうせん
挑発,ちょうはつ
振動,しんどう
挿入,そうにゅう
掌握,しょうあく
排出,はいしゅつ
排除,はいじょ
掛軸,かけじく
探究,たんきゅう
推奨,すいしょう
提供,ていきょう
提出,ていしゅつ
握力,あくりょく
援助,えんじょ
損害,そんがい
搬出,はんしゅつ
搾乳,さくにゅう
撃墜,げきつい
撤兵,てっぺい
撲滅,ぼくめつ
改善,かいぜん
改造,かいぞう
攻撃,こうげき
放題,ほうだい
敏感,びんかん
教室,きょうしつ
教育,きょういく
教訓,きょうくん
敢然,かんぜん
数学,すうがく
数珠,じゅず
整然,せいぜん
料金,りょうきん
斬新,ざんしん
斬殺,ざんさつ
新品,しんぴん
新聞,しんぶん
方言,ほうげん
旋風,せんぷう
日没,にちぼつ
旧姓,きゅうせい
旧暦,きゅうれき
昇進,しょうしん
明瞭,めいりょう
映像,えいぞう
時々,ときどき
時代,じだい
時限,じげん
景況,けいきょう
暗礁,あんしょう
暫く,しばらく
暫定,ざんてい
暴走,ぼうそう
暴騰,ぼうとう
曲線,きょくせん
書評,しょひょう
最終,さいしゅう
月光,げっこう
月刊,げっかん
月末,げつまつ
有毒,ゆうどく
有罪,ゆうざい
有職,ゆうしょく
服飾,ふくしょく
朝刊,ちょうかん
朝霧,あさぎり
木材,もくざい
未熟,みじゅく
本州,ほんしゅう
本棚,ほんだな
本流,ほんりゅう
材木,ざいもく
村人,むらびと
束縛,そくばく
来月,らいげつ
来週,らいしゅう
東京,とうきょう
東芝,とうしば
果汁,かじゅう
果物,くだもの
枝豆,えだまめ
枢軸,すうじく
柴犬,しばいぬ
株式,かぶしき
根本,こんぽん
栽培,さいばい
案外,あんがい
桑原,くわばら
桜肉,さくらにく
桜色,さくらいろ
桟橋,さんばし
梅干,うめぼし
極楽,ごくらく
極端,きょくたん
楽勝,らくしょう
概念,がいねん
概算,がいさん
概要,がいよう
構造,こうぞう
様々,さまざま
横綱,よこづな
欄外,らんがい
欠乏,けつぼう
欠如,けつじょ
欧米,おうべい
欲求,よっきゅう
欺く,あざむく
歓迎,かんげい
武道,ぶどう
歳入,さいにゅう
歳月,さいげつ
殊勝,しゅしょう
残念,ざんねん
残酷,ざんこく
段階,だんかい
殺人,さつじん
毎晩,まいばん
民俗,みんぞく
民族,みんぞく
水中,すいちゅう
水害,すいがい
水晶,すいしょう
水着,みずぎ
水色,みずいろ
水道,すいどう
水銀,すいぎん
氷河,ひょうが
永久,えいきゅう
求婚,きゅうこん
沈没,ちんぼつ
没後,ぼつご
没落,ぼつらく
没頭,ぼっとう
油絵,あぶらえ
沼沢,しょうたく
沿岸,えんがん
泥水,でいすい
泥沼,どろぬま
泥酔,でいすい
注射,ちゅうしゃ
注文,ちゅうもん
洋食,ようしょく
洗剤,せんざい
洞穴,どうけつ
洪水,こうずい
活動,かつどう
流行,りゅうこう
浄化,じょうか
海亀,うみがめ
海外,かいがい
海岸,かいがん
海峡,かいきょう
海賊,かいぞく
海軍,かいぐん
海魚,かいぎょ
液晶,えきしょう
涼風,りょうふう
清涼,せいりょう
渓流,けいりゅう
温床,おんしょう
温暖,おんだん
満月,まんげつ
満潮,まんちょう
満足,まんぞく
源氏,げんじ
溶岩,ようがん
滅亡,めつぼう
滝川,たきがわ
漁船,ぎょせん
漂う,ただよう
漏出,ろうしゅつ
演芸,えんげい
漫才,まんざい
潜伏,せんぷく
潮時,しおどき
激励,げきれい
灰皿,はいざら
災い,わざわい
災害,さいがい
炎症,えんしょう
焦点,しょうてん
焦燥,しょうそう
照明,しょうめい
煩忙,はんぼう
煩雑,はんざつ
燃料,ねんりょう
爆発,ばくはつ
牧草,ぼくそう
特別,とくべつ
特徴,とくちょう
特急,とっきゅう
犯罪,はんざい
狩猟,しゅりょう
独創,どくそう
独占,どくせん
独特,どくとく
独立,どくりつ
独裁,どくさい
独身,どくしん
猟犬,りょうけん
猫舌,ねこじた
獄内,ごくない
獣医,じゅうい
玄米,げんまい
玄関,げんかん
王女,おうじょ
珠算,しゅざん
班長,はんちょう
現場,げんば
環境,かんきょう
環礁,かんしょう
生存,せいぞん
生殖,せいしょく
生物,せいぶつ
男優,だんゆう
男性,だんせい
町民,ちょうみん
画像,がぞう
畜生,ちくしょう
略図,りゃくず
略語,りゃくご
異常,いじょう
異状,いじょう
疾病,しっぺい
疾風,しっぷう
病気,びょうき
発売,はつばい
発泡,はっぽう
発祥,はっしょう
白人,はくじん
白菊,しらぎく
白鳥,はくちょう
百万,ひゃくまん
皇后,こうごう
皇族,こうぞく
盆栽,ぼんさい
盗聴,とうちょう
盗賊,とうぞく
目標,もくひょう
盲人,もうじん
盲腸,もうちょう
直径,ちょっけい
直接,ちょくせつ
直航,ちょっこう
直行,ちょっこう
直轄,ちょっかつ
相談,そうだん
看板,かんばん
真実,しんじつ
真珠,しんじゅ
真髄,しんずい
眼孔,がんこう
瞬き,まばたき
瞬時,しゅんじ
瞬間,しゅんかん
瞳孔,どうこう
矛盾,むじゅん
矢印,やじるし
短い,みじかい
矯正,きょうせい
石垣,いしがき
研修,けんしゅう
研究,けんきゅう
硫酸,りゅうさん
硬直,こうちょく
碁盤,ごばん
磁石,じしゃく
社長,しゃちょう
祝儀,しゅうぎ
神風,かみかぜ
神髄,しんずい
祭日,さいじつ
禅僧,ぜんそう
福寿,ふくじゅ
秀逸,しゅういつ
秩序,ちつじょ
移住,いじゅう
移譲,いじょう
税金,ぜいきん
稿料,こうりょう
究明,きゅうめい
空洞,くうどう
空襲,くうしゅう
突如,とつじょ
突然,とつぜん
窮屈,きゅうくつ
童謡,どうよう
競争,きょうそう
競艇,きょうてい
第一,だいいち
等号,とうごう
米兵,べいへい
米国,べいこく
米穀,べいこく
粗塩,あらじお
粘着,ねんちゃく
紋章,もんしょう
納入,のうにゅう
紛糾,ふんきゅう
紡績,ぼうせき
細胞,さいぼう
紹介,しょうかい
終点,しゅうてん
経済,けいざい
結局,けっきょく
統合,とうごう
絶対,ぜったい
絶景,ぜっけい
絶滅,ぜつめつ
継承,けいしょう
緊張,きんちょう
緊急,きんきゅう
総合,そうごう
編集,へんしゅう
練習,れんしゅう
縁談,えんだん
縦書,たてがき
繁殖,はんしょく
罰金,ばっきん
美人,びじん
羨望,せんぼう
翌日,よくじつ
翌月,よくげつ
習慣,しゅうかん
老人,ろうじん
老朽,ろうきゅう
老眼,ろうがん
考え,かんがえ
耕す,たがやす
聖日,せいじつ
聴者,ちょうしゃ
職員,しょくいん
職場,しょくば
肌色,はだいろ
肝臓,かんぞう
肯く,うなずく
肺臓,はいぞう
胎盤,たいばん
胴体,どうたい
能力,のうりょく
脂身,あぶらみ
脅迫,きょうはく
脈拍,みゃくはく
脊髄,せきずい
脚本,きゃくほん
脱字,だつじ
脱線,だっせん
自分,じぶん
自動,じどう
自在,じざい
自爆,じばく
自粛,じしゅく
至上,しじょう
船舶,せんぱく
良好,りょうこう
良質,りょうしつ
芝草,しばくさ
芸人,げいにん
芸者,げいしゃ
苗字,みょうじ
苗床,なえどこ
英文,えいぶん
荘厳,そうごん
菜食,さいしょく
蒸気,じょうき
蔑む,さげすむ
薬剤,やくざい
薬学,やくがく
薬物,やくぶつ
虹色,にじいろ
蛮行,ばんこう
融合,ゆうごう
血族,けつぞく
血脈,けつみゃく
行動,こうどう
街灯,がいとう
街道,かいどう
衝突,しょうとつ
裁判,さいばん
裏口,うらぐち
補う,おぎなう
補充,ほじゅう
製造,せいぞう
複雑,ふくざつ
褒賞,ほうしょう
西側,にしがわ
要求,ようきゅう
見物,けんぶつ
規準,きじゅん
親分,おやぶん
親指,おやゆび
親睦,しんぼく
観客,かんきゃく
解剖,かいぼう
解釈,かいしゃく
触角,しょっかく
言語,げんご
記述,きじゅつ
許諾,きょだく
診断,しんだん
証人,しょうにん
証明,しょうめい
証跡,しょうせき
評論,ひょうろん
該当,がいとう
詳細,しょうさい
誠実,せいじつ
読者,どくしゃ
請求,せいきゅう
請願,せいがん
論文,ろんぶん
警鐘,けいしょう
議長,ぎちょう
豚肉,ぶたにく
象牙,ぞうげ
豪傑,ごうけつ
販売,はんばい
貿易,ぼうえき
賓客,ひんきゃく
賞金,しょうきん
賢人,けんじん
購入,こうにゅう
購読,こうどく
購買,こうばい
贅沢,ぜいたく
贈呈,ぞうてい
贈賄,ぞうわい
足首,あしくび
跳躍,ちょうやく
躍動,やくどう
躍如,やくじょ
車両,しゃりょう
車掌,しゃしょう
軍艦,ぐんかん
軍隊,ぐんたい
転覆,てんぷく
軽蔑,けいべつ
輝き,かがやき
輝く,かがやく
辛勝,しんしょう
辛抱,しんぼう
辞職,じしょく
迅速,じんそく
近々,ちかぢか
近所,きんじょ
近日,きんじつ
近頃,ちかごろ
迫害,はくがい
追随,ついずい
退く,しりぞく
逃亡,とうぼう
造園,ぞうえん
連中,れんちゅう
連峰,れんぽう
連日,れんじつ
連続,れんぞく
連邦,れんぽう
週末,しゅうまつ
進撃,しんげき
逸品,いっぴん
逸脱,いつだつ
運動,うんどう
運搬,うんぱん
過剰,かじょう
道具,どうぐ
道徳,どうとく
達人,たつじん
遭遇,そうぐう
遮る,さえぎる
遮断,しゃだん
還元,かんげん
邦人,ほうじん
郊外,こうがい
部分,ぶぶん
郵便,ゆうびん
酒造,しゅぞう
酷評,こくひょう
醜悪,しゅうあく
醜態,しゅうたい
釈明,しゃくめい
野獣,やじゅう
金属,きんぞく
金髪,きんぱつ
金魚,きんぎょ
針金,はりがね
鈍感,どんかん
鉄人,てつじん
鉛毒,えんどく
鉛筆,えんぴつ
鉱山,こうざん
鉱物,こうぶつ
銀座,ぎんざ
銀色,ぎんいろ
銀行,ぎんこう
銘柄,めいがら
鋭い,するどい
鋭敏,えいびん
鋼材,こうざい
長唄,ながうた
長崎,ながさき
間伐,かんばつ
閣僚,かくりょう
防水,ぼうすい
防犯,ぼうはん
限定,げんてい
限度,げんど
限界,げんかい
陣営,じんえい
陥没,かんぼつ
陪審,ばいしん
陰謀,いんぼう
陶芸,とうげい
陸軍,りくぐん
隅々,すみずみ
隆盛,りゅうせい
階段,かいだん
随所,ずいしょ
随時,ずいじ
随筆,ずいひつ
隔月,かくげつ
隔週,かくしゅう
障子,しょうじ
隣人,りんじん
隣国,りんごく
雅楽,ががく
集金,しゅうきん
雑巾,ぞうきん
雑費,ざっぴ
雑音,ざつおん
電卓,でんたく
電波,でんぱ
電灯,でんとう
電車,でんしゃ
電鉄,でんてつ
需要,じゅよう
青空,あおぞら
青銅,せいどう
静粛,せいしゅく
非常,ひじょう
面倒,めんどう
音楽,おんがく
頂く,いただく
順位,じゅんい
領土,りょうど
領域,りょういき
頻発,ひんぱつ
頻繁,ひんぱん
顔面,がんめん
顕在,けんざい
顕彰,けんしょう
風潮,ふうちょう
食事,しょくじ
食卓,しょくたく
食欲,しょくよく
飽食,ほうしょく
駅弁,えきべん
駅長,えきちょう
駐屯,ちゅうとん
駐日,ちゅうにち
驚く,おどろく
驚嘆,きょうたん
骨髄,こつずい
高尚,こうしょう
高級,こうきゅう
髪型,かみがた
魔術,まじゅつ
魚雷,ぎょらい
鮮魚,せんぎょ
鯨肉,げいにく
鳥肌,とりはだ
黒人,こくじん
黒板,こくばん
万歳,ばんざい
丈夫,じょうぶ
三百,さんびゃく
上品,じょうひん
上巻,じょうかん
上手,じょうず
上演,じょうえん
下旬,げじゅん
丘陵,きゅうりょう
両側,りょうがわ
両日,りょうじつ
両替,りょうがえ
両腕,りょううで
中国,ちゅうごく
中毒,ちゅうどく
中級,ちゅうきゅう
中軸,ちゅうじく
九州,きゅうしゅう
予め,あらかじめ
事情,じじょう
五十,ごじゅう
享受,きょうじゅ
人形,にんぎょう
人情,にんじょう
人脈,じんみゃく
人造,じんぞう
仏像,ぶつぞう
仏壇,ぶつだん
仏教,ぶっきょう
仰天,ぎょうてん
休学,きゅうがく
休日,きゅうじつ
住人,じゅうにん
住宅,じゅうたく
住所,じゅうしょ
住民,じゅうみん
体重,たいじゅう
供給,きょうきゅう
侮辱,ぶじょく
便所,べんじょ
借財,しゃくざい
偶然,ぐうぜん
傍受,ぼうじゅ
元凶,げんきょう
兄弟,きょうだい
免状,めんじょう
入力,にゅうりょく
入団,にゅうだん
入学,にゅうがく
入獄,にゅうごく
全力,ぜんりょく
全然,ぜんぜん
全米,ぜんべい
全額,ぜんがく
共同,きょうどう
兼業,けんぎょう
凡人,ぼんじん
凸凹,でこぼこ
出没,しゅつぼつ
出版,しゅっぱん
出獄,しゅつごく
出発,しゅっぱつ
分泌,ぶんぴつ
別々,べつべつ
別人,べつじん
前兆,ぜんちょう
副業,ふくぎょう
劇団,げきだん
助力,じょりょく
助言,じょげん
勉強,べんきょう
動物,どうぶつ
勘定,かんじょう
十万,じゅうまん
十六,じゅうろく
卒業,そつぎょう
協力,きょうりょく
南口,みなみぐち
単純,たんじゅん
原爆,げんばく
厳粛,げんしゅく
及第,きゅうだい
収入,しゅうにゅう
受諾,じゅだく
右側,みぎがわ
右腕,みぎうで
同僚,どうりょう
同日,どうじつ
吸収,きゅうしゅう
商売,しょうばい
営業,えいぎょう
囚人,しゅうじん
四十,よんじゅう
土壌,どじょう
在外,ざいがい
在留,ざいりゅう
執着,しゅうちゃく
塾生,じゅくせい
境遇,きょうぐう
増税,ぞうぜい
壁紙,かべがみ
外人,がいじん
大仏,だいぶつ
大学,だいがく
大腸,だいちょう
大臣,だいじん
天井,てんじょう
奉行,ぶぎょう
妨害,ぼうがい
媒酌,ばいしゃく
宗教,しゅうきょう
実力,じつりょく
実在,じつざい
宿題,しゅくだい
寿命,じゅみょう
将軍,しょうぐん
少女,しょうじょ
就職,しゅうしょく
尽力,じんりょく
屈辱,くつじょく
屋上,おくじょう
岩礁,がんしょう
巡回,じゅんかい
巡礼,じゅんれい
工場,こうじょう
工業,こうぎょう
巻尺,まきじゃく
席順,せきじゅん
常勤,じょうきん
常識,じょうしき
平壌,へいじょう
年中,ねんじゅう
序文,じょぶん
弁償,べんしょう
弓道,きゅうどう
弦楽,げんがく
弱点,じゃくてん
強力,きょうりょく
強調,きょうちょう
弾丸,だんがん
弾力,だんりょく
弾劾,だんがい
徐々,じょじょ
従来,じゅうらい
循環,じゅんかん
忠実,ちゅうじつ
急増,きゅうぞう
性病,せいびょう
怪獣,かいじゅう
恐竜,きょうりゅう
恒常,こうじょう
情報,じょうほう
情熱,じょうねつ
惨敗,ざんぱい
惨状,さんじょう
愛情,あいじょう
感情,かんじょう
憤り,いきどおり
懲罰,ちょうばつ
成熟,せいじゅく
戦場,せんじょう
承る,うけたまわる
承諾,しょうだく
技術,ぎじゅつ
抽出,ちゅうしゅつ
抽象,ちゅうしょう
拳銃,けんじゅう
描写,びょうしゃ
描画,びょうが
搭乗,とうじょう
教授,きょうじゅ
文学,ぶんがく
文法,ぶんぽう
文章,ぶんしょう
斎場,さいじょう
新宿,しんじゅく
日常,にちじょう
昇給,しょうきゅう
晩酌,ばんしゃく
暖房,だんぼう
暴力,ぼうりょく
月額,げつがく
材料,ざいりょう
条件,じょうけん
条約,じょうやく
柔軟,じゅうなん
桑畑,くわばたけ
植樹,しょくじゅ
植物,しょくぶつ
次々,つぎつぎ
正直,しょうじき
残品,ざんぴん
残額,ざんがく
段々,だんだん
殿堂,でんどう
求人,きゅうじん
求職,きゅうしょく
没収,ぼっしゅう
泥棒,どろぼう
注釈,ちゅうしゃく
洗浄,せんじょう
浄土,じょうど
浄水,じょうすい
淀川,よどがわ
淑女,しゅくじょ
清浄,せいじょう
渋々,しぶしぶ
渋滞,じゅうたい
減俸,げんぽう
減法,げんぽう
減給,げんきゅう
準備,じゅんび
滞る,とどこおる
漂流,ひょうりゅう
漂着,ひょうちゃく
漠然,ばくぜん
潔い,いさぎよい
潮流,ちょうりゅう
濁流,だくりゅう
焼酎,しょうちゅう
熟語,じゅくご
爆弾,ばくだん
爆撃,ばくげき
爆笑,ばくしょう
牛肉,ぎゅうにく
物語,ものがたり
状態,じょうたい
狩人,かりゅうど
独唱,どくしょう
独学,どくがく
獣類,じゅうるい
現在,げんざい
現実,げんじつ
現象,げんしょう
瓶詰,びんづめ
甚大,じんだい
生卵,なまたまご
生涯,しょうがい
産業,さんぎょう
留学,りゅうがく
番号,ばんごう
番組,ばんぐみ
疫病,えきびょう
病人,びょうにん
病棟,びょうとう
病院,びょういん
発表,はっぴょう
省略,しょうりゃく
眺望,ちょうぼう
眼球,がんきゅう
着々,ちゃくちゃく
短銃,たんじゅう
祝日,しゅくじつ
神社,じんじゃ
禅宗,ぜんしゅう
禅寺,ぜんでら
福袋,ふくぶくろ
秒針,びょうしん
究極,きゅうきょく
窓口,まどぐち
窮乏,きゅうぼう
粉状,ふんじょう
粘々,ねばねば
糾弾,きゅうだん
純毛,じゅんもう
純粋,じゅんすい
紡織,ぼうしょく
紫色,むらさきいろ
終了,しゅうりょう
終電,しゅうでん
給料,きゅうりょう
絶叫,ぜっきょう
絶望,ぜつぼう
続々,ぞくぞく
緑色,みどりいろ
縄文,じょうもん
縮小,しゅくしょう
繁昌,はんじょう
美術,びじゅつ
群集,ぐんしゅう
義塾,ぎじゅく
翻る,ひるがえる
聴力,ちょうりょく
肖像,しょうぞう
肺病,はいびょう
脱獄,だつごく
脱税,だつぜい
膨大,ぼうだい
膨張,ぼうちょう
自浄,じじょう
薄弱,はくじゃく
薄情,はくじょう
虐待,ぎゃくたい
虐殺,ぎゃくさつ
虚弱,きょじゃく
蝶々,ちょうちょう
衝撃,しょうげき
表彰,ひょうしょう
表現,ひょうげん
襲撃,しゅうげき
覆る,くつがえる
触媒,しょくばい
証言,しょうげん
評判,ひょうばん
誕生,たんじょう
謎々,なぞなぞ
象徴,しょうちょう
財閥,ざいばつ
貧乏,びんぼう
賠償,ばいしょう
軍人,ぐんじん
農場,のうじょう
農業,のうぎょう
逆説,ぎゃくせつ
醜聞,しゅうぶん
醸成,じょうせい
里心,さとごころ
重要,じゅうよう
重鎮,じゅうちん
鉱業,こうぎょう
銃殺,じゅうさつ
銅像,どうぞう
銅山,どうざん
鋳造,ちゅうぞう
錦鯉,にしきごい
長寿,ちょうじゅ
長袖,ながそで
長靴,ながぐつ
開業,かいぎょう
除外,じょがい
陳情,ちんじょう
陳述,ちんじゅつ
随分,ずいぶん
障害,しょうがい
集中,しゅうちゅう
集団,しゅうだん
電力,でんりょく
電柱,でんちゅう
電源,でんげん
電飾,でんしょく
静々,しずしず
静寂,せいじゃく
頂戴,ちょうだい
領袖,りょうしゅう
願望,がんぼう
食堂,しょくどう
食糧,しょくりょう
駐在,ちゅうざい
上唇,うわくちびる
上級,じょうきゅう
下唇,したくちびる
中旬,ちゅうじゅん
充実,じゅうじつ
充電,じゅうでん
入場,にゅうじょう
冗談,じょうだん
劇場,げきじょう
十台,じゅうだい
十月,じゅうがつ
叙情,じょじょう
叙述,じょじゅつ
台所,だいどころ
就業,しゅうぎょう
左側,ひだりがわ
左腕,ひだりうで
授業,じゅぎょう
昔話,むかしばなし
暴虐,ぼうぎゃく
東側,ひがしがわ
東口,ひがしぐち
柔道,じゅうどう
殉職,じゅんしょく
残業,ざんぎょう
残虐,ざんぎゃく
漁業,ぎょぎょう
牛丼,ぎゅうどん
牛乳,ぎゅうにゅう
牧場,ぼくじょう
状況,じょうきょう
病床,びょうしょう
症状,しょうじょう
窮状,きゅうじょう
職業,しょくぎょう
膝頭,ひざがしら
芸術,げいじゅつ
表情,ひょうじょう
逆襲,ぎゃくしゅう
醸造,じょうぞう
銃弾,じゅうだん
錠剤,じょうざい
順序,じゅんじょ
順番,じゅんばん
頑丈,がんじょう
麦畑,むぎばたけ
上旬,じょうじゅん
上述,じょうじゅつ
従業,じゅうぎょう
従順,じゅうじゅん
塊魂,かたまりだましい
お菓子,おかし
お風呂,おふろ
乗せる,のせる
二十日,はつか
二十歳,はたち
付ける,つける
代える,かえる
代わり,かわり
代わる,かわる
伏せる,ふせる
似合う,にあう
借りる,かりる
借り手,かりて
先ず,まず
入り江,いりえ
入れる,いれる
兼ねる,かねる
冷える,ひえる
冷やす,ひやす
分かる,わかる
分ける,わける
切れる,きれる
割れる,われる
占める,しめる
取れる,とれる
受ける,うける
吐き気,はきけ
向ける,むける
向こう,むこう
呼ぶ,よぶ
垂らす,たらす
垂れる,たれる
埋まる,うまる
埋める,うめる
堪える,たえる
増える,ふえる
増やす,ふやす
売り手,うりて
売れる,うれる
変える,かえる
変わる,かわる
尽きる,つきる
尽くす,つくす
建てる,たてる
当たり,あたり
当たる,あたる
当てる,あてる
従兄弟,いとこ
悔やむ,くやむ
惜しい,おしい
惜しむ,おしむ
慣れる,なれる
憂き目,うきめ
懲りる,こりる
懸かる,かかる
懸ける,かける
折り目,おりめ
折れる,おれる
抜ける,ぬける
捨てる,すてる
据える,すえる
掛かる,かかる
掛ける,かける
揚げ,あげ
換える,かえる
揺する,ゆする
揺れる,ゆれる
擦れる,すれる
攻める,せめる
敢えて,あえて
散らし,ちらし
日焼け,ひやけ
晴れる,はれる
暮らし,くらし
暮らす,くらす
暮れる,くれる
替える,かえる
替わる,かわる
未だ,まだ
朽ちる,くちる
果てる,はてる
枯らす,からす
枯れる,かれる
枯れ木,かれき
染まる,そまる
染める,そめる
植える,うえる
欠かす,かかす
欠ける,かける
欲しい,ほしい
止まる,とまる
止める,とめる
殖える,ふえる
気持ち,きもち
決まる,きまる
決める,きめる
沸かす,わかす
泊まり,とまり
泊まる,とまる
泊める,とめる
消える,きえる
添える,そえる
済ます,すます
減らす,へらす
溶かす,とかす
溶ける,とける
漏らす,もらす
漏れる,もれる
漬かる,つかる
漬ける,つける
澄ます,すます
濡らす,ぬらす
濡れる,ぬれる
火照る,ほてる
点ける,つける
焼ける,やける
照らす,てらす
照れる,てれる
熟れる,うれる
燃える,もえる
燃やす,もやす
生える,はえる
生きる,いきる
生まれ,うまれ
痩せる,やせる
皮膚科,ひふか
着ける,つける
秘める,ひめる
積もる,つもる
立てる,たてる
終わり,おわり
終わる,おわる
絶える,たえる
絶やす,たやす
継ぐ,つぐ
締まる,しまる
締める,しめる
群れる,むれる
耐える,たえる
脱ぐ,ぬぐ
荒らす,あらす
荒れる,あれる
菓子屋,かしや
落ちる,おちる
落とす,おとす
蒸れる,むれる
褒める,ほめる
見える,みえる
見せる,みせる
見抜く,みぬく
解ける,とける
触れる,ふれる
詰まる,つまる
詰める,つめる
請ける,うける
負ける,まける
責める,せめる
賭ける,かける
起きる,おきる
起こす,おこす
起こる,おこる
越える,こえる
足りる,たりる
跳ねる,はねる
跳ぶ,とぶ
載せる,のせる
辞める,やめる
込める,こめる
透ける,すける
連れる,つれる
逸らす,そらす
逸れる,それる
過ぎ,すぎ
避ける,さける
閉まる,しまる
閉める,しめる
開ける,あける
間抜け,まぬけ
降りる,おりる
降ろす,おろす
風呂屋,ふろや
飛ぶ,とぶ
飢える,うえる
飽きる,あきる
駆ける,かける
お守り,おまもり
お祝い,おいわい
お笑い,おわらい
この前,このまえ
この辺,このへん
ご覧,ごらん
ご飯,ごはん
一昨日,おととい
不人気,ふにんき
不可欠,ふかけつ
不可能,ふかのう
不味い,まずい
不思議,ふしぎ
不愉快,ふゆかい
不規則,ふきそく
与える,あたえる
世の中,よのなか
並ぶ,ならぶ
串焼き,くしやき
久しい,ひさしい
乗り場,のりば
乗り物,のりもの
乾かす,かわかす
仕返し,しかえし
仰ぐ,あおぐ
仲良く,なかよく
仲良し,なかよし
伝える,つたえる
伝わる,つたわる
供える,そなえる
価値観,かちかん
係わる,かかわる
俺たち,おれたち
倒れる,たおれる
傘立て,かさたて
備える,そなえる
傷める,いためる
優しい,やさしい
冷たい,つめたい
凌ぐ,しのぐ
出会う,であう
出来る,できる
別れる,わかれる
割り勘,わりかん
加える,くわえる
加湿器,かしつき
助かる,たすかる
助ける,たすける
務める,つとめる
勤める,つとめる
勧める,すすめる
化かす,ばかす
化ける,ばける
却って,かえって
及び,および
及ぶ,およぶ
収める,おさめる
叫び,さけび
叫ぶ,さけぶ
可愛い,かわいい
同じ,おなじ
名古屋,なごや
呆ける,ぼける
呆れる,あきれる
味噌汁,みそしる
哀れむ,あわれむ
唱える,となえる
嘘吐き,うそつき
固まる,かたまる
固める,かためる
地下鉄,ちかてつ
壊れる,こわれる
夕べ,ゆうべ
夕焼け,ゆうやけ
大いに,おおいに
大きい,おおきい
大きく,おおきく
大きさ,おおきさ
大した,たいした
奈良県,ならけん
奥さん,おくさん
威張る,いばる
嫁ぐ,とつぐ
嬉しい,うれしい
学ぶ,まなぶ
安売り,やすうり
宜しい,よろしい
宜しく,よろしく
家政婦,かせいふ
察する,さっする
対する,たいする
小さい,ちいさい
小文字,こもじ
少ない,すくない
尚且つ,なおかつ
居眠り,いねむり
履き物,はきもの
巣立ち,すだち
廃れる,すたれる
当て字,あてじ
後で,あとで
徹する,てっする
忍ぶ,しのぶ
忘れる,わすれる
怒鳴る,どなる
怠ける,なまける
急ぐ,いそぐ
怪しい,あやしい
恐らく,おそらく
恐れる,おそれる
悔しい,くやしい
悲しい,かなしい
悲しみ,かなしみ
悲しむ,かなしむ
意図的,いとてき
愛する,あいする
感じ,かんじ
慌てる,あわてる
憂える,うれえる
憎しみ,にくしみ
扇ぐ,あおぐ
手の甲,てのこう
手洗い,てあらい
手渡す,てわたす
手荷物,てにもつ
押入れ,おしいれ
担ぐ,かつぐ
指揮者,しきしゃ
挟まる,はさまる
捉える,とらえる
捕える,とらえる
捕まる,つかまる
控える,ひかえる
損なう,そこなう
擁する,ようする
支える,ささえる
支払い,しはらい
放れる,はなれる
教える,おしえる
早乙女,さおとめ
明るい,あかるい
易しい,やさしい
春巻き,はるまき
書き方,かきかた
栄える,さかえる
栓抜き,せんぬき
極めて,きわめて
極める,きわめる
楽しい,たのしい
楽しみ,たのしみ
楽しむ,たのしむ
構える,かまえる
歌舞伎,かぶき
歯医者,はいしゃ
気付く,きづく
求める,もとめる
泣き虫,なきむし
注ぐ,そそぐ
泳ぎ,およぎ
泳ぐ,およぐ
浮世絵,うきよえ
淑やか,しとやか
無意識,むいしき
無闇に,むやみに
焼き肉,やきにく
焼き芋,やきいも
焼き鳥,やきとり
熊之実,くまのみ
爪切り,つめきり
爽やか,さわやか
片仮名,かたかな
物真似,ものまね
猿真似,さるまね
用いる,もちいる
異なる,ことなる
疲れる,つかれる
皆さん,みなさん
目医者,めいしゃ
真っ黒,まっくろ
着替え,きがえ
確かに,たしかに
祖父母,そふぼ
称える,たたえる
稼ぎ,かせぎ
稼ぐ,かせぐ
空き缶,あきかん
竹の子,たけのこ
等しい,ひとしい
答える,こたえる
納まる,おさまる
納める,おさめる
紡ぐ,つむぐ
細かい,こまかい
絵文字,えもじ
綱引き,つなひき
総理府,そうりふ
緩める,ゆるめる
緩やか,ゆるやか
置き場,おきば
耳打ち,みみうち
胸焼け,むねやけ
脳みそ,のうみそ
腰抜け,こしぬけ
腹切り,はらきり
膨らむ,ふくらむ
膨れる,ふくれる
船酔い,ふなよい
苦しい,くるしい
苦しむ,くるしむ
茶の湯,ちゃのゆ
草刈り,くさかり
華やか,はなやか
落ち葉,おちば
薄める,うすめる
薦める,すすめる
虚しい,むなしい
襟巻き,えりまき
見渡す,みわたす
見直す,みなおす
見返す,みかえす
見返る,みかえる
見送る,みおくる
親しい,したしい
言い方,いいかた
言い訳,いいわけ
訓読み,くんよみ
記念碑,きねんひ
設ける,もうける
詐欺師,さぎし
詳しい,くわしい
認める,みとめる
読み方,よみかた
負け犬,まけいぬ
買い物,かいもの
身振り,みぶり
転ぶ,ころぶ
迎える,むかえる
迷わす,まよわす
逆さま,さかさま
逆らう,さからう
遅れる,おくれる
遊び,あそび
遊ぶ,あそぶ
運ぶ,はこぶ
過去形,かこけい
達する,たっする
選ぶ,えらぶ
酒飲み,さけのみ
酢の物,すのもの
金持ち,かねもち
鍛える,きたえる
関する,かんする
防ぐ,ふせぐ
隠れる,かくれる
集まり,あつまり
集まる,あつまる
集める,あつめる
離れる,はなれる
雰囲気,ふんいき
震える,ふるえる
音読み,おんよみ
頻りに,しきりに
顔付き,かおつき
風呂場,ふろば
飛行機,ひこうき
飲み会,のみかい
飲み物,のみもの
飼い主,かいぬし
騒ぐ,さわぐ
髪の毛,かみのけ
鼻くそ,はなくそ
いつ頃,いつごろ
お土産,おみやげ
お握り,おにぎり
お願い,おねがい
この頃,このごろ
メモ帳,めもちょう
一斉に,いっせいに
下さい,ください
下書き,したがき
不健康,ふけんこう
不可分,ふかぶん
不器用,ぶきよう
不均衡,ふきんこう
不孝者,ふこうもの
不機嫌,ふきげん
不自由,ふじゆう
不透明,ふとうめい
乏しい,とぼしい
乱れる,みだれる
事務所,じむしょ
二時半,にじはん
交わる,まじわる
交差点,こうさてん
人込み,ひとごみ
今日は,こんにちは
他動詞,たどうし
仲直り,なかなおり
作り方,つくりかた
使い方,つかいかた
依頼人,いらいにん
保守的,ほしゅてき
候補者,こうほしゃ
倫理的,りんりてき
傷つく,きずつく
傾ける,かたむける
優れる,すぐれる
先回り,さきまわり
免れる,まぬかれる
入り口,いりぐち
入れ墨,いれずみ
再び,ふたたび
再来年,さらいねん
冬休み,ふゆやすみ
冷凍庫,れいとうこ
刑務所,けいむしょ
初めて,はじめて
初めに,はじめに
割り算,わりざん
割り箸,わりばし
励ます,はげます
効果的,こうかてき
動かす,うごかす
危ない,あぶない
原子炉,げんしろ
厳しい,きびしい
参加者,さんかしゃ
古典的,こてんてき
可哀想,かわいそう
可能性,かのうせい
右利き,みぎきき
否定形,ひていけい
吸い殻,すいがら
喜び,よろこび
喜ぶ,よろこぶ
喫茶店,きっさてん
回顧録,かいころく
図書館,としょかん
地下街,ちかがい
坊さん,ぼうさん
基本的,きほんてき
壊れ物,こわれもの
夏休み,なつやすみ
外れる,はずれる
大好き,だいすき
大文字,おおもじ
女の子,おんなのこ
好奇心,こうきしん
始まる,はじまる
始めに,はじめに
始める,はじめる
委員会,いいんかい
嫌悪感,けんおかん
子守歌,こもりうた
孤児院,こじいん
寂しい,さびしい
富士山,ふじさん
寛ぐ,くつろぐ
寝不足,ねぶそく
尋ねる,たずねる
小遣い,こづかい
小麦粉,こむぎこ
居酒屋,いざかや
届ける,とどける
属する,ぞくする
履歴書,りれきしょ
山中湖,やまなかこ
岐阜県,ぎふけん
崩れる,くずれる
平仮名,ひらがな
幼稚園,ようちえん
幾何学,きかがく
建築家,けんちくか
引き算,ひきざん
形容詞,けいようし
御手洗,おてあらい
心得る,こころえる
心持ち,こころもち
必ず,かならず
忘れ物,わすれもの
思い出,おもいで
怠け者,なまけもの
悪趣味,あくしゅみ
意地悪,いじわる
愛媛県,えひめけん
愛知県,あいちけん
感嘆符,かんたんふ
戒める,いましめる
戯れる,たわむれる
手伝う,てつだう
手作り,てづくり
手堅い,てがたい
手続き,てつづき
折り紙,おりがみ
披露宴,ひろうえん
招き猫,まねきねこ
指差す,ゆびさす
掃除機,そうじき
掛け算,かけざん
改まる,あらたまる
敗れる,やぶれる
数える,かぞえる
整える,ととのえる
新しい,あたらしい
日本的,にほんてき
日本製,にほんせい
日本語,にほんご
日本酒,にほんしゅ
春休み,はるやすみ
昼休み,ひるやすみ
普遍的,ふへんてき
暖かい,あたたかい
暴れる,あばれる
更衣室,こういしつ
朗らか,ほがらか
本当に,ほんとうに
枠組み,わくぐみ
核兵器,かくへいき
正しい,ただしい
比較的,ひかくてき
気違い,きちがい
汗臭い,あせくさい
汚れる,よごれる
沈める,しずめる
泌尿器,ひにょうき
泣き声,なきごえ
洗濯屋,せんたくや
洗濯機,せんたくき
洗濯粉,せんたくこ
流れる,ながれる
浮浪者,ふろうしゃ
涼しい,すずしい
渦巻き,うずまき
温かい,あたたかい
温める,あたためる
湯豆腐,ゆどうふ
激しい,はげしい
濡れ衣,ぬれぎぬ
火曜日,かようび
炊飯器,すいはんき
無邪気,むじゃき
狭める,せばめる
現れる,あらわれる
理不尽,りふじん
甚だ,はなはだ
甲斐性,かいしょう
男の子,おとこのこ
留守番,るすばん
皇太子,こうたいし
皿洗い,さらあらい
看護師,かんごし
眺める,ながめる
短距離,たんきょり
破れる,やぶれる
私生活,しせいかつ
程よく,ほどよく
穏やか,おだやか
空き瓶,あきびん
管理人,かんりにん
紛らす,まぎらす
紛れる,まぎれる
素粒子,そりゅうし
続ける,つづける
縄張り,なわばり
縮まる,ちぢまる
罰する,ばっする
美しい,うつくしい
育てる,そだてる
腹立つ,はらだつ
自家製,じかせい
自販機,じはんき
致命的,ちめいてき
若い頃,わかいころ
英会話,えいかいわ
落書き,らくがき
蓄える,たくわえる
衰える,おとろえる
裏切り,うらぎり
裏切る,うらぎる
見逃す,みのがす
覚える,おぼえる
親不孝,おやふこう
記念日,きねんび
訪ねる,たずねる
訴える,うったえる
試みる,こころみる
話し方,はなしかた
諦める,あきらめる
貧しい,まずしい
貨物船,かもつせん
貯える,たくわえる
贈り物,おくりもの
足し算,たしざん
車椅子,くるまいす
近距離,きんきょり
逃れる,のがれる
遅咲き,おそざき
遊園地,ゆうえんち
遠距離,えんきょり
遺伝子,いでんし
酒好き,さけずき
鎮まる,しずまる
鎮める,しずめる
間違い,まちがい
除いて,のぞいて
隔てる,へだてる
雇用者,こようしゃ
面白い,おもしろい
革命家,かくめいか
預ける,あずける
顔文字,かおもじ
顧みる,かえりみる
飾り気,かざりけ
鮮やか,あざやか
鳴き声,なきごえ
黒い霧,くろいきり
鼻の穴,はなのあな
かき氷,かきごおり
一人娘,ひとりむすめ
一億円,いちおくえん
一周忌,いっしゅうき
一年生,いちねんせい
一文字,いちもんじ
一概に,いちがいに
一番目,いちばんめ
一遍に,いっぺんに
万年筆,まんねんひつ
三番目,さんばんめ
三角形,さんかくけい
不合格,ふごうかく
不完全,ふかんぜん
不文律,ふぶんりつ
不明瞭,ふめいりょう
不眠症,ふみんしょう
不祥事,ふしょうじ
主観的,しゅかんてき
二枚舌,にまいじた
交通網,こうつうもう
人殺し,ひとごろし
人違い,ひとちがい
今晩は,こんばんは
企てる,くわだてる
会社員,かいしゃいん
会議室,かいぎしつ
体系的,たいけいてき
倫理学,りんりがく
全日本,ぜんにほん
典型的,てんけいてき
再来月,さらいげつ
再来週,さらいしゅう
冷蔵庫,れいぞうこ
劣等感,れっとうかん
勘違い,かんちがい
包み紙,つつみがみ
千円札,せんえんさつ
博覧会,はくらんかい
叙事詩,じょじし
君主国,くんしゅこく
吸血鬼,きゅうけつき
回数券,かいすうけん
土曜日,どようび
地中海,ちちゅうかい
埼玉県,さいたまけん
大嫌い,だいきらい
大規模,だいきぼ
大違い,おおちがい
太平洋,たいへいよう
太陽系,たいようけい
奥深い,おくぶかい
女の人,おんなのひと
宇宙船,うちゅうせん
容疑者,ようぎしゃ
尊敬語,そんけいご
小規模,しょうきぼ
展示会,てんじかい
山登り,やまのぼり
岡山県,おかやまけん
左利き,ひだりきき
庶民的,しょみんてき
弁護士,べんごし
待合室,まちあいしつ
後ろ盾,うしろだて
徳島県,とくしまけん
心理学,しんりがく
忙しい,いそがしい
怪事件,かいじけん
恭しい,うやうやしい
愛国心,あいこくしん
慰める,なぐさめる
慰謝料,いしゃりょう
憧れる,あこがれる
戻り道,もどりみち
扇風機,せんぷうき
排水溝,はいすいこう
携わる,たずさわる
放射能,ほうしゃのう
教科書,きょうかしょ
文化祭,ぶんかさい
料理人,りょうりにん
新幹線,しんかんせん
旅行者,りょこうしゃ
日光浴,にっこうよく
日曜日,にちようび
星占い,ほしうらない
映画館,えいがかん
最後尾,さいこうび
最新鋭,さいしんえい
朝寝坊,あさねぼう
木曜日,もくようび
本塁打,ほんるいだ
東京都,とうきょうと
栃木県,とちぎけん
歌謡曲,かようきょく
死刑囚,しけいしゅう
水彩画,すいさいが
水曜日,すいようび
水溶性,すいようせい
沖縄県,おきなわけん
活用形,かつようけい
流行歌,りゅうこうか
海王星,かいおうせい
潜水艦,せんすいかん
火炎瓶,かえんびん
烏龍茶,うーろんちゃ
無報酬,むほうしゅう
無秩序,むちつじょ
熊本県,くまもとけん
犠牲者,ぎせいしゃ
独り言,ひとりごと
珍しい,めずらしい
田代島,たしろじま
男の人,おとこのひと
皮膚病,ひふびょう
睡眠薬,すいみんやく
碁会所,ごかいしょ
社会党,しゃかいとう
第一位,だいいちい
管制塔,かんせいとう
精神的,せいしんてき
紀元後,きげんご
紫外線,しがいせん
経験者,けいけんしゃ
結婚式,けっこんしき
総体的,そうたいてき
羅針盤,らしんばん
群馬県,ぐんまけん
考える,かんがえる
考古学,こうこがく
自動詞,じどうし
自民党,じみんとう
自転車,じてんしゃ
舞踏会,ぶとうかい
航空券,こうくうけん
花柳界,かりゅうかい
花粉症,かふんしょう
芳しい,かんばしい
英語圏,えいごけん
著作権,ちょさくけん
薬剤師,やくざいし
虚栄心,きょえいしん
被害者,ひがいしゃ
裏通り,うらどおり
複数形,ふくすうけい
親孝行,おやこうこう
訪れる,おとずれる
説明書,せつめいしょ
警察官,けいさつかん
警察署,けいさつしょ
警視庁,けいしちょう
責任感,せきにんかん
貴重品,きちょうひん
賞与金,しょうよきん
赤ん坊,あかんぼう
踊り場,おどりば
辞書形,じしょけい
通信網,つうしんもう
運転手,うんてんしゅ
遮断機,しゃだんき
金曜日,きんようび
金縛り,かなしばり
陳列室,ちんれつしつ
難しい,むずかしい
震源地,しんげんち
非常に,ひじょうに
頑張る,がんばる
頑張れ,がんばれ
飴細工,あめざいく
香川県,かがわけん
驚かす,おどろかす
高校生,こうこうせい
高血圧,こうけつあつ
高齢者,こうれいしゃ
一人称,いちにんしょう
一本気,いっぽんぎ
一般的,いっぱんてき
仏教徒,ぶっきょうと
伝統的,でんとうてき
先々月,せんせんげつ
共犯者,きょうはんしゃ
共産党,きょうさんとう
共通点,きょうつうてん
剰余金,じょうよきん
創造的,そうぞうてき
労働者,ろうどうしゃ
北海道,ほっかいどう
南極圏,なんきょくけん
博物館,はくぶつかん
原子力,げんしりょく
同期中,どうきちゅう
哲学者,てつがくしゃ
哺乳瓶,ほにゅうびん
唯物論,ゆいぶつろん
四十二,よんじゅうに
外交官,がいこうかん
外来語,がいらいご
大阪弁,おおさかべん
宇宙人,うちゅうじん
官僚的,かんりょうてき
工学者,こうがくしゃ
弦楽器,げんがっき
律動的,りつどうてき
循環器,じゅんかんき
微生物,びせいぶつ
必需品,ひつじゅひん
忘年会,ぼうねんかい
応援団,おうえんだん
恐怖症,きょうふしょう
悪影響,あくえいきょう
悪賢い,わるがしこい
挑戦者,ちょうせんしゃ
掲示板,けいじばん
改訂版,かいていばん
時刻表,じこくひょう
最優遇,さいゆうぐう
月曜日,げつようび
核分裂,かくぶんれつ
核実験,かくじっけん
歓楽街,かんらくがい
殺人者,さつじんしゃ
気象庁,きしょうちょう
流行語,りゅうこうご
滑り台,すべりだい
盆踊り,ぼんおどり
直接的,ちょくせつてき
眠り薬,ねむりぐすり
研修生,けんしゅうせい
研究室,けんきゅうしつ
研究所,けんきゅうしょ
私自身,わたしじしん
移住者,いじゅうしゃ
第二章,だいにしょう
精一杯,せいいっぱい
紀元前,きげんぜん
終身刑,しゅうしんけい
経済的,けいざいてき
給油所,きゅうゆじょ
編集者,へんしゅうしゃ
縛り首,しばりくび
考え方,かんがえかた
耐久性,たいきゅうせい
肌触り,はだざわり
腕時計,うでどけい
膝小僧,ひざこぞう
自動的,じどうてき
自動車,じどうしゃ
芸能界,げいのうかい
茨城県,いばらきけん
著しい,いちじるしい
血液型,けつえきがた
衆議院,しゅうぎいん
観光客,かんこうきゃく
証明書,しょうめいしょ
警察庁,けいさつちょう
貯金箱,ちょきんばこ
超音波,ちょうおんぱ
超音速,ちょうおんそく
辱める,はずかしめる
迎賓館,げいひんかん
近代的,きんだいてき
逃亡者,とうぼうしゃ
逆効果,ぎゃくこうか
運動会,うんどうかい
配偶者,はいぐうしゃ
鎮痛剤,ちんつうざい
長崎県,ながさきけん
関西弁,かんさいべん
防腐剤,ぼうふざい
電磁場,でんじば
電話帳,でんわちょう
願い事,ねがいごと
香辛料,こうしんりょう
中国製,ちゅうごくせい
中学校,ちゅうがっこう
中学生,ちゅうがくせい
人類学,じんるいがく
休憩所,きゅうけいじょ
修辞学,しゅうじがく
健忘症,けんぼうしょう
入館料,にゅうかんりょう
全般的,ぜんぱんてき
内緒話,ないしょばなし
出版社,しゅっぱんしゃ
創造力,そうぞうりょく
動物園,どうぶつえん
募集中,ぼしゅうちゅう
卒業式,そつぎょうしき
双眼鏡,そうがんきょう
受領書,じゅりょうしょ
商店街,しょうてんがい
土俵際,どひょうぎわ
外国人,がいこくじん
大失敗,だいしっぱい
大学生,だいがくせい
大学院,だいがくいん
大統領,だいとうりょう
大腸菌,だいちょうきん
奨学金,しょうがくきん
小学校,しょうがっこう
小学生,しょうがくせい
年賀状,ねんがじょう
心配事,しんぱいごと
悪循環,あくじゅんかん
救急車,きゅうきゅうしゃ
暴走族,ぼうそうぞく
東京弁,とうきょうべん
瓜実顔,うりざねがお
生物学,せいぶつがく
用心棒,ようじんぼう
留学生,りゅうがくせい
発売中,はつばいちゅう
第一段,だいいちだん
管弦楽,かんげんがく
精神病,せいしんびょう
経済学,けいざいがく
美術館,びじゅつかん
自叙伝,じじょでん
芸術家,げいじゅつか
解剖学,かいぼうがく
誕生日,たんじょうび
謙譲語,けんじょうご
貧乏人,びんぼうにん
賠償金,ばいしょうきん
贈収賄,ぞうしゅうわい
軍艦島,ぐんかんじま
郵便局,ゆうびんきょく
郵便箱,ゆうびんばこ
錬金術,れんきんじゅつ
非常口,ひじょうぐち
領収書,りょうしゅうしょ
食料品,しょくりょうひん
伝染病,でんせんびょう
合唱団,がっしょうだん
営業中,えいぎょうちゅう
大丈夫,だいじょうぶ
年代順,ねんだいじゅん
暴力団,ぼうりょくだん
洗浄剤,せんじょうざい
番号札,ばんごうふだ
紹介状,しょうかいじょう
親子丼,おやこどんぶり
食中毒,しょくちゅうどく
駐留軍,ちゅうりゅうぐん
駐車場,ちゅうしゃじょう
お知らせ,おしらせ
お見舞い,おみまい
クモの巣,くものす
ハチの巣,はちのす
三つ編み,みつあみ
上がる,あがる
上げる,あげる
下がる,さがる
下げる,さげる
亡くなる,なくなる
交じる,まじる
交ぜる,まぜる
伸ばす,のばす
伸びる,のびる
凛々しい,りりしい
切り取る,きりとる
刈り取る,かりとる
取り分け,とりわけ
取り決め,とりきめ
合わせる,あわせる
吹き込む,ふきこむ
告げる,つげる
埋もれる,うもれる
売り切れ,うりきれ
延ばす,のばす
引き分け,ひきわけ
引き裂く,ひきさく
引っ越す,ひっこす
待たせる,またせる
投げる,なげる
挙がる,あがる
挙げる,あげる
揚げる,あげる
揺らぐ,ゆらぐ
散らかす,ちらかす
曲がる,まがる
曲げる,まげる
書き込む,かきこむ
果たして,はたして
気に入る,きにいる
浮かれる,うかれる
浴びる,あびる
混ざる,まざる
混じる,まじる
混ぜる,まぜる
無視する,むしする
焦がす,こがす
焦げる,こげる
照り焼き,てりやき
燃え付く,もえつく
生まれる,うまれる
知り合い,しりあい
立ち飲み,たちのみ
美味しい,おいしい
聞こえる,きこえる
落ち着く,おちつく
見付ける,みつける
見分ける,みわける
見当たる,みあたる
見詰める,みつめる
詰め込む,つめこむ
貸し切り,かしきり
足りない,たりない
踏み込む,ふみこむ
輪ゴム,わごむ
述べる,のべる
追い付く,おいつく
追い越す,おいこす
逃がす,にがす
逃げる,にげる
遂げる,とげる
過ぎる,すぎる
過ごす,すごす
閉じる,とじる
間に合う,まにあう
間もなく,まもなく
飛ばす,とばす
食べる,たべる
駆け込む,かけこむ
お兄さん,おにいさん
お姉さん,おねえさん
お手洗い,おてあらい
お母さん,おかあさん
お父さん,おとうさん
ばい菌,ばいきん
ふじ山,ふじさん
やり甲斐,やりがい
バス停,ばすてい
一致する,いっちする
並べる,ならべる
丸ごと,まるごと
二日酔い,ふつかよい
今すぐ,いますぐ
今まで,いままで
何故なら,なぜなら
使い捨て,つかいすて
例えば,たとえば
保持する,ほじする
保護する,ほごする
信じる,しんじる
出かける,でかける
参加する,さんかする
及ぼす,およぼす
取り出す,とりだす
吐き出す,はきだす
否定する,ひていする
吹き出す,ふきだす
呼び鈴,よびりん
噴き出す,ふきだす
報じる,ほうじる
大人しい,おとなしい
広がる,ひろがる
廃止する,はいしする
延期する,えんきする
当たり前,あたりまえ
役に立つ,やくにたつ
応じる,おうじる
怒らせる,おこらせる
怖がる,こわがる
思い遣り,おもいやり
思わず,おもわず
恐ろしい,おそろしい
情けない,なさけない
感じる,かんじる
憎らしい,にくらしい
懐かしい,なつかしい
手掛かり,てがかり
批判する,ひはんする
抜き出す,ぬきだす
拡がる,ひろがる
指定する,していする
指摘する,してきする
振り仮名,ふりがな
掲げる,かかげる
支援する,しえんする
整理する,せいりする
暗記する,あんきする
書き直す,かきなおす
期待する,きたいする
柔らかい,やわらかい
検査する,けんさする
比べる,くらべる
比較する,ひかくする
湿らせる,しめらせる
滅びる,ほろびる
滅ぼす,ほろぼす
演ずる,えんずる
玉ねぎ,たまねぎ
理解する,りかいする
甘く見る,あまくみる
生き甲斐,いきがい
申し込む,もうしこむ
発揮する,はっきする
目覚める,めざめる
確かめる,たしかめる
禁じる,きんじる
秀でる,ひいでる
維持する,いじする
縄跳び,なわとび
繰り返す,くりかえす
群がる,むらがる
肺がん,はいがん
蒸し暑い,むしあつい
蒸し返す,むしかえす
見極める,みきわめる
解雇する,かいこする
調べる,しらべる
貨幣価値,かへいかち
赤ちゃん,あかちゃん
起訴猶予,きそゆうよ
跡継ぎ,あとつぎ
転がる,ころがる
近づく,ちかづく
透き通る,すきとおる
逮捕する,たいほする
避難する,ひなんする
非難する,ひなんする
食べ物,たべもの
駆け出す,かけだす
駆け回る,かけまわる
いい加減,いいかげん
お婆さん,おばあさん
お客さん,おきゃくさん
お疲れ様,おつかれさま
お陰で,おかげで
ゴミ箱,ごみばこ
ハート形,はーとがた
ビー玉,びーだま
主催する,しゅさいする
催促する,さいそくする
傷つける,きずつける
克服する,こくふくする
刊行する,かんこうする
前売り券,まえうりけん
反抗する,はんこうする
取り戻す,とりもどす
取り扱う,とりあつかう
呆れ返る,あきれかえる
回復する,かいふくする
回転する,かいてんする
固有名詞,こゆうめいし
圧倒する,あっとうする
大騒ぎ,おおさわぎ
天気予報,てんきよほう
妊娠する,にんしんする
妨げる,さまたげる
存じる,ぞんじる
宝くじ,たからくじ
容赦なく,ようしゃなく
寝坊する,ねぼうする
対向する,たいこうする
尊敬する,そんけいする
差別する,さべつする
希望する,きぼうする
帰郷する,ききょうする
弱々しい,よわよわしい
応募する,おうぼする
応援する,おうえんする
思い出す,おもいだす
抵抗する,ていこうする
拝見する,はいけんする
掃除する,そうじする
掲載する,けいさいする
提案する,ていあんする
摘発する,てきはつする
放送する,ほうそうする
散歩する,さんぽする
旅行する,りょこうする
昼ご飯,ひるごはん
有り難う,ありがとう
朝ご飯,あさごはん
桜んぼ,さくらんぼ
検問する,けんもんする
検討する,けんとうする
歯を磨く,はをみがく
殴り合い,なぐりあい
殴り込み,なぐりこみ
毒ガス,どくがす
決定する,けっていする
洗濯する,せんたくする
消化する,しょうかする
混乱する,こんらんする
申し申し,もうしもうし
痛み止め,いたみどめ
発射する,はっしゃする
発展する,はってんする
登録する,とうろくする
皇太子妃,こうたいしひ
確認する,かくにんする
算定する,さんていする
約束する,やくそくする
結婚する,けっこんする
締結する,ていけつする
羨ましい,うらやましい
若々しい,わかわかしい
荒々しい,あらあらしい
虐げる,しいたげる
言葉つき,ことばつき
設定する,せっていする
誘惑する,ゆうわくする
説得する,せっとくする
読み違い,よみちがい
賛成する,さんせいする
走り回る,はしりまわる
輸入する,ゆにゅうする
輸出する,ゆしゅつする
辞儀する,じぎする
返り咲き,かえりざき
退院する,たいいんする
連絡する,れんらくする
運転する,うんてんする
道に迷う,みちにまよう
遠慮する,えんりょする
選択する,せんたくする
選挙する,せんきょする
配達する,はいたつする
酔っ払い,よっぱらい
開放する,かいほうする
間違える,まちがえる
降参する,こうさんする
隠居する,いんきょする
電子機器,でんしきき
面接する,めんせつする
首になる,くびになる
鬱陶しい,うっとうしい
魔法使い,まほうつかい
鼻詰まり,はなづまり
お嬢さん,おじょうさん
ゆで卵,ゆでたまご
ゴミ袋,ごみぶくろ
一夫多妻,いっぷたさい
丁度いい,ちょうどいい
人差し指,ひとさしゆび
保守主義,ほしゅしゅぎ
共有する,きょうゆうする
判断する,はんだんする
削除する,さくじょする
叫び声,さけびごえ
合格する,ごうかくする
同伴する,どうはんする
執行猶予,しっこうゆうよ
大間違い,おおまちがい
妥協する,だきょうする
存在する,そんざいする
宣言する,せんげんする
家庭教師,かていきょうし
延長する,えんちょうする
心配する,しんぱいする
悪因悪果,あくいんあっか
想像する,そうぞうする
感動する,かんどうする
払い戻す,はらいもどす
投票する,とうひょうする
招待する,しょうたいする
挿入する,そうにゅうする
援助する,えんじょする
損害する,そんがいする
撮影禁止,さつえいきんし
攻撃する,こうげきする
文字通り,もじどおり
方向音痴,ほうこうおんち
明治維新,めいじいしん
晩ご飯,ばんごはん
注文する,ちゅうもんする
無我夢中,むがむちゅう
社会福祉,しゃかいふくし
神奈川県,かながわけん
立入禁止,たちいりきんし
紹介する,しょうかいする
緊張する,きんちょうする
編集する,へんしゅうする
練習する,れんしゅうする
脱走する,だっそうする
華々しい,はなばなしい
裏切り者,うらぎりもの
要求する,ようきゅうする
診断する,しんだんする
貫き通す,つらぬきとおす
購読する,こうどくする
飲み放題,のみほうだい
鹿児島県,かごしまけん
世界恐慌,せかいきょうこう
中途半端,ちゅうとはんぱ
出版する,しゅっぱんする
勉強する,べんきょうする
卒業する,そつぎょうする
各駅停車,かくえきていしゃ
吸収する,きゅうしゅうする
営業する,えいぎょうする
在留する,ざいりゅうする
大きい順,おおきいじゅん
封建主義,ほうけんしゅぎ
小さい順,ちいさいじゅん
帝国主義,ていこくしゅぎ
形容動詞,けいようどうし
携帯電話,けいたいでんわ
新婚旅行,しんこんりょこう
新陳代謝,しんちんたいしゃ
時期尚早,じきしょうそう
楽天主義,らくてんしゅぎ
消化不良,しょうかふりょう
準備する,じゅんびする
潜在意識,せんざいいしき
瑞々しい,みずみずしい
紳士協定,しんしきょうてい
自己紹介,じこしょうかい
航空母艦,こうくうぼかん
襲撃する,しゅうげきする
言葉遣い,ことばづかい
試験地獄,しけんじごく
謹賀新年,きんがしんねん
集中する,しゅうちゅうする
面倒臭い,めんどうくさい
一生懸命,いっしょうけんめい
充電する,じゅうでんする
入学試験,にゅうがくしけん
四十二階,よんじゅうにかい
幼年時代,ようねんじだい
必須条件,ひっすじょうけん
感慨深い,かんがいぶかい
感慨無量,かんがいむりょう
私立大学,しりつだいがく
総理大臣,そうりだいじん
超自然的,ちょうしぜんてき
高等学校,こうとうがっこう
仰々しい,ぎょうぎょうしい
副大統領,ふくだいとうりょう
原子爆弾,げんしばくだん
呉越同舟,ごえつどうしゅう
外務大臣,がいむだいじん
大学院生,だいがくいんせい
株式会社,かぶしきがいしゃ
株式市場,かぶしきしじょう
第一印象,だいいちいんしょう
貿易会社,ぼうえきがいしゃ
限定販売,げんていはんばい
靖国神社,やすくにじんじゃ
源氏物語,げんじものがたり
管弦楽団,かんげんがくだん
郵便番号,ゆうびんばんごう
五十音順,ごじゅうおんじゅん
シアトル市,しあとるし
乗り換える,のりかえる
取り替える,とりかえる
呼ばれる,よばれる
売り上げ,うりあげ
巻きずし,まきずし
忌まわしい,いまわしい
惜しまない,おしまない
据え付ける,すえつける
揺さぶる,ゆさぶる
書き入れる,かきいれる
気を付けて,きをつけて
気持ちいい,きもちいい
消しゴム,けしごむ
追いかける,おいかける
酸っぱい,すっぱい
お構いなく,おかまいなく
ご無沙汰,ごぶさた
アメリカ製,あめりかせい
フランス語,ふらんすご
不燃ゴミ,ふねんごみ
久しぶり,ひさしぶり
可燃ゴミ,かねんごみ
思い詰める,おもいつめる
揚げ出し,あげだし
朝ごはん,あさごはん
気持ち悪い,きもちわるい
素晴らしい,すばらしい
缶コーヒー,かんこーひー
缶ビール,かんびーる
背が高い,せがたかい
運がいい,うんがいい
革ジャン,かわじゃん
馬鹿らしい,ばからしい
お婆ちゃん,おばあちゃん
アメリカ人,あめりかじん
フランス人,ふらんすじん
一人暮らし,ひとりぐらし
回転ずし,かいてんずし
御免なさい,ごめんなさい
御覧になる,ごらんになる
恥知らず,はじしらず
紛らわしい,まぎらわしい
紛れもない,まぎれもない
結構です,けっこうです
罰ゲーム,ばつげーむ
迷惑メール,めいわくめーる
口笛を吹く,くちぶえをふく
規則正しい,きそくただしい
食べ放題,たべほうだい
留守番電話,るすばんでんわ
うなぎ丼,うなぎどんぶり
同音異義語,どうおんいぎご
自動販売機,じどうはんばいき
２０１１年,にせんじゅういちねん
取り敢えず,とりあえず
取り逃がす,とりにがす
召し上がる,めしあがる
吹き飛ばす,ふきとばす
埋め合わせる,うめあわせる
差し上げる,さしあげる
待ちぼうけ,まちぼうけ
恥ずかしい,はずかしい
投げ付ける,なげつける
投げ捨てる,なげすてる
押しボタン,おしぼたん
盛り上がる,もりあがる
盛り上げる,もりあげる
飽くまでも,あくまでも
じゃが芋,じゃがいも
エッフェル塔,えっふぇるとう
スペイン語,すぺいんご
仕方がない,しかたがない
出来上がる,できあがる
慌ただしい,あわただしい
相変わらず,あいかわらず
腹が減った,はらがへった
お願いします,おねがいします
イギリス人,いぎりすじん
興味がない,きょうみがない
馬鹿馬鹿しい,ばかばかしい
バベルの塔,ばべるのとう
いい加減にしろ,いいかげんにしろ
飛び込み自殺,とびこみじさつ
恥ずかしがる,はずかしがる
携帯ストラップ,けいたいすとらっぷ
宜しくお願いします,よろしくおねがいします
お誕生日おめでとう,おたんじょうびおめでとう
